WKT,LEFT_FID,RIGHT_FID
"LINESTRING (120.33275995120908 -5.28822601229366, 120.33274432734795 -5.287892640190049, 120.33274879130826 -5.287732621516537, 120.33282914259406 -5.287545933011793, 120.33296975734432 -5.287190335704193, 120.33306126853086 -5.28689919025662, 120.33310814011426 -5.286656939359944, 120.33312376397541 -5.2862724492100925, 120.33313715585633 -5.285965745913644, 120.3331639396183 -5.285690157314769, 120.33325098684462 -5.285385676220209, 120.33327553862638 -5.285116754837003, 120.33326884268587 -5.284785603551854, 120.33333580209073 -5.28437444231382, 120.3334049934758 -5.284367774832053, 120.33358131990846 -5.284643364019257, 120.33373086257933 -5.285038967638276, 120.33382460574616 -5.285221211917055, 120.33394513267486 -5.285481243295174, 120.33408797940521 -5.285745719542121, 120.33421073831403 -5.285963523425406, 120.33439376068729 -5.2862146645426416, 120.33457901504075 -5.286388018528741, 120.33469730998934 -5.2866880541593035, 120.33457008712003 -5.2869725322524745, 120.3343602809849 -5.287239230346128, 120.33413038702822 -5.287477036049435, 120.33383130168657 -5.287863747932573, 120.3333625858527 -5.288519379596377, 120.33325321882474 -5.28849493232648, 120.33321973912234 -5.2883704734828045, 120.33313045991582 -5.28818378517044, 120.33290726189966 -5.2882015650122165, 120.33275995120908 -5.28822601229366)",-1,45
"LINESTRING (120.30969255237491 -5.227588620966615, 120.31013815158826 -5.227536268931019, 120.31078402011102 -5.227483916891072, 120.31099930961867 -5.228064774994199, 120.31110445100599 -5.2282866476896155, 120.31123712942349 -5.2286281819098095, 120.31132975397907 -5.228952265304241, 120.3113748145737 -5.229206546003938, 120.3114399020993 -5.22961040337344, 120.31164768150772 -5.230016753426779, 120.31122961932445 -5.230081569975263, 120.31116453179887 -5.229804853125118, 120.31111446447152 -5.22973754360254, 120.31098428942042 -5.229587966859726, 120.31084410090389 -5.229415953561365, 120.31073645615007 -5.229136743469163, 120.31060753278217 -5.228811413695731, 120.31057248565298 -5.228666822631099, 120.31048737119652 -5.228557132835541, 120.3103822298091 -5.228472372525926, 120.31018821891561 -5.228366422122719, 120.30991535198159 -5.228255485798948, 120.30974387138546 -5.228178204303345, 120.30970006247404 -5.228127098792943, 120.30968128722628 -5.228071007374322, 120.30967878385988 -5.227955085093215, 120.30969255237491 -5.227588620966615)",-1,41
"LINESTRING (120.31075690477819 -5.224233626913642, 120.31138929915737 -5.224235108719253, 120.3115574416628 -5.224529987971825, 120.3116839205387 -5.225045655878955, 120.31205145327193 -5.225041210467805, 120.31218239610806 -5.225856201990074, 120.31208418898092 -5.225881392620189, 120.31192348640931 -5.2258206387457244, 120.31193836627705 -5.225713949000775, 120.31178659162607 -5.225656158714618, 120.31174790396997 -5.225771739281513, 120.31160952119993 -5.225739139636574, 120.31158868938508 -5.225783593697451, 120.31158868938508 -5.225848792981023, 120.31150238615216 -5.225885838025477, 120.31132829169952 -5.225885838025477, 120.31104408622562 -5.225903619646009, 120.3108357680772 -5.225925846670941, 120.31038937204497 -5.2259717825201095, 120.30972572994352 -5.2259510372983025, 120.3096349627503 -5.225835456764448, 120.3097599536394 -5.225696167374825, 120.31012302241231 -5.22518198180648, 120.31043549963489 -5.224761149499877, 120.31074351289726 -5.224281044692323, 120.31075690477819 -5.224233626913642)",-1,46
"LINESTRING (120.28309928824741 -5.182773864341315, 120.28272829499093 -5.182818669389609, 120.28273258392717 -5.182931060684013, 120.28259649000125 -5.182968730256186, 120.28260410656944 -5.183418254382198, 120.28263935620865 -5.183540342418145, 120.28275390576835 -5.183521707577541, 120.28300746581988 -5.183341088225444, 120.2831342151303 -5.183257951088625, 120.28319487613976 -5.18320127243592, 120.28348841509052 -5.183413882325348, 120.28361826864295 -5.183945773146246, 120.28336275036212 -5.184012520198043, 120.28306953266292 -5.183445170033061, 120.28292082940104 -5.183449341727251, 120.28268625524166 -5.183655840558264, 120.28244749225796 -5.183664183943891, 120.28243283137301 -5.184183559486109, 120.28233648841469 -5.184254478201631, 120.28229250575974 -5.1844526333941525, 120.28237418783311 -5.184469320144356, 120.28244539784585 -5.185070042858329, 120.28212285837658 -5.185072128700139, 120.28210819749164 -5.185307828774797, 120.28183801832584 -5.185230652653748, 120.28183801832584 -5.184690419543057, 120.28200347688478 -5.184692505386111, 120.28200347688478 -5.184565268949524, 120.28184220715015 -5.184490178581467, 120.2818275462651 -5.1844046589848185, 120.28190713392637 -5.184287851712075, 120.28189456745353 -5.1837789054859345, 120.28213751926154 -5.183714244255698, 120.2823071666447 -5.182782913221538, 120.28189561465959 -5.182792299543391, 120.28179194125879 -5.182867390113331, 120.28105051936203 -5.1830238287718915, 120.28092171301554 -5.182541997579258, 120.28090809933664 -5.182500280575629, 120.28109869084118 -5.182446048466692, 120.28127043263655 -5.182350099339648, 120.28124739410298 -5.182158201041685, 120.2815280453295 -5.182093539645536, 120.2815594615115 -5.18228335211217, 120.28211029190383 -5.182181145406493, 120.28207887572174 -5.181997590464936, 120.28206002601247 -5.181743116480473, 120.2821019142553 -5.181586677504655, 120.28230297782048 -5.181636737981131, 120.28238465989385 -5.181674283335867, 120.28252498550711 -5.181670111629864, 120.28254592962848 -5.181597106770906, 120.28255640168912 -5.1814260667826, 120.28253755197996 -5.18127171358269, 120.28250194697354 -5.181144476457054, 120.2824872860886 -5.181025582726371, 120.28234067723899 -5.180946320226785, 120.28235952694817 -5.180764850782514, 120.28229460017195 -5.180623012559836, 120.2822212957471 -5.1804853460191795, 120.28219616280143 -5.180272588579247, 120.28212704720089 -5.180134921962208, 120.28199091041193 -5.180026457333729, 120.2820998198431 -5.179776154274028, 120.28230716664478 -5.1797907552885585, 120.28251032462217 -5.1798491593433065, 120.28253545756785 -5.179676033022383, 120.28272814348449 -5.179569654175052, 120.28285799703701 -5.179536280415385, 120.28316168679693 -5.1800160280415435, 120.28323289680966 -5.180276760294398, 120.2831512147363 -5.180301790585038, 120.28329154034955 -5.180796138621411, 120.28269672730238 -5.1808545425833445, 120.2827909758486 -5.181142390602365, 120.28283705291555 -5.181365577019535, 120.28281820320639 -5.1817055711298226, 120.28292292381325 -5.181895383712985, 120.28311142090557 -5.182531568328639, 120.28308419354778 -5.182702608017629, 120.28309928824741 -5.182773864341315)",-1,44
"LINESTRING (120.28151570415919 -5.17745882158571, 120.28131723666048 -5.177098090231234, 120.28108035901961 -5.176724090768901, 120.28095344437584 -5.1766231273606005, 120.28088405110284 -5.176454987447763, 120.2806463434563 -5.1764984370772575, 120.28056486993877 -5.176143754451144, 120.2803940290726 -5.175942184187819, 120.28021555588482 -5.175852475605567, 120.28010626115555 -5.175981114978232, 120.28029905487512 -5.176068016044309, 120.28029945549572 -5.176309021242241, 120.28037963704486 -5.176296454869054, 120.28042593846524 -5.176621192946905, 120.28033799114985 -5.176644378151328, 120.28040643854143 -5.176828135915, 120.28047934989341 -5.176820726328722, 120.2805180375496 -5.1768829668502585, 120.28062814857088 -5.176921496693841, 120.28069064401534 -5.177128965041853, 120.28056862909993 -5.177191205533014, 120.28076801932772 -5.1774075652878375, 120.2808736663886 -5.177638744122224, 120.28094508975377 -5.177625406884066, 120.28109984037836 -5.177920307972948, 120.28117742204594 -5.178218152295664, 120.28096849102403 -5.17812410887941, 120.28089443935781 -5.178041543395005, 120.28082867300216 -5.177805995376759, 120.2807892148274 -5.177664284035875, 120.28063352959211 -5.177487644163457, 120.28045697341292 -5.177284136437941, 120.28033176365037 -5.177119103904347, 120.280166637929 -5.176919470771744, 120.2800192792227 -5.17658028504193, 120.27967734861966 -5.176562224390733, 120.27979413198379 -5.176344289753108, 120.27986257937546 -5.176375410038124, 120.27991168293899 -5.176341325916376, 120.27994293066126 -5.1762227724353, 120.2799146589125 -5.17613978498541, 120.27962152551805 -5.175924906716099, 120.27979710795739 -5.175658161176931, 120.27965426122704 -5.175465511550812, 120.27981496379874 -5.175278789549574, 120.2800351858413 -5.175068356751898, 120.2804347102902 -5.175226922317198, 120.28074421153927 -5.175434391221121, 120.2809168180051 -5.175558872530826, 120.28110132836515 -5.175647787736957, 120.28123227120129 -5.175795979719553, 120.28126798288388 -5.176003448436782, 120.28128286275161 -5.176101255094221, 120.28132155040771 -5.176199061736473, 120.28137511793165 -5.176299832200535, 120.28147927700581 -5.176388747302572, 120.28153284452965 -5.176504336916541, 120.28158046010647 -5.176717733071421, 120.28165188347164 -5.176895563145554, 120.28168164320721 -5.177008188833175, 120.281794730202 -5.177304572126105, 120.28180365812271 -5.1773579211040515, 120.28172330683682 -5.177440908394158, 120.28162509970967 -5.1773845955913815, 120.28154102845696 -5.177437203604705, 120.28151570415919 -5.17745882158571)",-1,43
"LINESTRING (120.27547080461419 -5.169044221701456, 120.27568307252392 -5.169075932389753, 120.27569497641815 -5.168688653157248, 120.27569894438285 -5.168496989367875, 120.27589932660186 -5.168331012431236, 120.27633778670466 -5.168332988347378, 120.27636357847543 -5.168696556817374, 120.27639135422858 -5.168809183964183, 120.27642706591118 -5.16914311345704, 120.27639135422858 -5.169342680703058, 120.2763536585636 -5.169648947146375, 120.2762782672337 -5.169801092356672, 120.27622469970987 -5.1700322739699915, 120.2761352832503 -5.170360214032386, 120.27585131421188 -5.170395453799579, 120.27578128390037 -5.170265087825297, 120.2756961388983 -5.170100227935113, 120.27562924339566 -5.169682967609178, 120.27566903415968 -5.169300594855096, 120.2754747634962 -5.1692251637264635, 120.27547080461419 -5.169044221701456)",-1,42
"LINESTRING (120.27212207217511 -5.149672902545153, 120.27226491890563 -5.1499452164404085, 120.27219684351071 -5.149989675840836, 120.27228054276678 -5.150218641703639, 120.27237316994346 -5.150309783431848, 120.27240888162605 -5.150418708894898, 120.27225599098492 -5.150504293174117, 120.27223925113373 -5.150558755891297, 120.27228165875682 -5.150806616769608, 120.27240888162605 -5.150822177538992, 120.2723887938046 -5.150916653630742, 120.27239214177486 -5.151096713908008, 120.27248142098128 -5.151093935200433, 120.2725070887531 -5.151195080149027, 120.27258520805879 -5.151240650944787, 120.2726822991958 -5.151238427979242, 120.27268118320573 -5.15130067101228, 120.27282291394603 -5.151294002116178, 120.27284634973765 -5.151434048919666, 120.2727291707792 -5.15145294412098, 120.27272135884863 -5.151621889425216, 120.27271801087838 -5.151764159120263, 120.27273363473951 -5.151968671751004, 120.2726889951363 -5.152073151004431, 120.27280282612458 -5.152564425561288, 120.2728619735988 -5.152828957857712, 120.27294567285485 -5.1530167979508805, 120.27301709622003 -5.153112385195844, 120.27332176151214 -5.15346917001833, 120.27361861487358 -5.153422487903357, 120.27363870269502 -5.153322454788499, 120.2737503017031 -5.153313562955273, 120.27375922962374 -5.153384697617345, 120.27368278430326 -5.153433602692979, 120.27365879051648 -5.153476394630972, 120.27365990650662 -5.153548640753656, 120.27377541147995 -5.153608104863825, 120.27379382531626 -5.15369202149578, 120.27396233981844 -5.1538954220278415, 120.2739489479375 -5.1540399141696485, 120.27401144338205 -5.154126609438834, 120.27410630253894 -5.154186073494913, 120.2741286223405 -5.154219417823012, 120.27412750635045 -5.154275547437924, 120.27428430295681 -5.154405590289167, 120.27441989575158 -5.1544672772733096, 120.27439645995987 -5.154552861007276, 120.27459622218441 -5.1546251070074804, 120.27463416584712 -5.1546128807618645, 120.27463862980743 -5.1545184052197195, 120.27489642351613 -5.154530631467112, 120.27495333901021 -5.154487283861518, 120.27510622965134 -5.154522851127894, 120.27509506975052 -5.154642890637072, 120.27522452459985 -5.154717359580439, 120.27532384771705 -5.154704021859822, 120.27536067538969 -5.154736254684054, 120.27551802999112 -5.154721805487193, 120.27557382949516 -5.154656228358843, 120.27563632493963 -5.1546262184843465, 120.27562516503889 -5.154568421684911, 120.27572002419569 -5.154521739650851, 120.27582046330294 -5.1546151037156855, 120.27589746661849 -5.154669566080437, 120.27591532245982 -5.154809612139897, 120.2761050407736 -5.15483184167038, 120.27611173671411 -5.154887415492991, 120.27621105983131 -5.154907422067876, 120.27617311616852 -5.155043022170401, 120.27601799354728 -5.155036353313645, 120.27578251964025 -5.155034130361334, 120.27575350389816 -5.1550897041662695, 120.27561735310832 -5.155160282891445, 120.27557661947034 -5.155327004258557, 120.27574401798246 -5.155393137055396, 120.27559447531159 -5.155499838696163, 120.27541591689865 -5.155809940238119, 120.27551524001585 -5.155884409044618, 120.275476180363 -5.156005559770869, 120.27531436180135 -5.155955543418831, 120.2751971828428 -5.156134490793616, 120.27543042476974 -5.1562256316732595, 120.27538132120621 -5.156401244550655, 120.27524070645596 -5.156363454441924, 120.27507832989923 -5.1567213489111845, 120.2749985366085 -5.1566696654055315, 120.27473795292462 -5.1565368443342345, 120.27469554530153 -5.156605199951845, 120.27450024703738 -5.156988658158011, 120.27451140693822 -5.157052012100192, 120.27457167040257 -5.1571209233986375, 120.27444556352349 -5.157296536028409, 120.27454042268037 -5.157364335828228, 120.27423464139821 -5.157471037137793, 120.2742067416462 -5.157515496011443, 120.27428262897159 -5.157577738429418, 120.27428262897159 -5.157728898561829, 120.27415429011232 -5.157804478614534, 120.27406947486621 -5.157778914774245, 120.27396010783833 -5.157925628974412, 120.27429936882288 -5.158033441660568, 120.27424245332878 -5.158170152566098, 120.2743295005551 -5.1582034966849415, 120.27423129342796 -5.158472472512774, 120.27453149475966 -5.15862474390205, 120.27398131164983 -5.159282733718638, 120.27393444006643 -5.159277176375075, 120.27359071512156 -5.159566158176053, 120.27346014428208 -5.1597628880190465, 120.27310637542645 -5.159980735683754, 120.27306619978356 -5.160467558255786, 120.27298361651755 -5.161358953869287, 120.27296018072585 -5.161792425098953, 120.27273475072957 -5.161723514307924, 120.27250262479279 -5.162176991634191, 120.27225933895518 -5.162092520392101, 120.27239995370533 -5.161590138562009, 120.27269457508658 -5.161630151288652, 120.27260306389995 -5.1610944251271755, 120.27202944499851 -5.161465654507123, 120.27185311856576 -5.160974386838, 120.27208301252234 -5.16089436129936, 120.27196471757375 -5.160576481976496, 120.27198368940515 -5.160205252076165, 120.2718620464863 -5.160197471806492, 120.27176941930962 -5.160220812615244, 120.27170357589489 -5.160174130996851, 120.27168125609325 -5.160047423729417, 120.27179508708143 -5.160025194381633, 120.27181294292278 -5.159832910490867, 120.27165670431148 -5.159847359571377, 120.27161652866857 -5.159755107743956, 120.27161429668838 -5.159609505434813, 120.27182298683354 -5.159611728371137, 120.27182521881366 -5.159720652238751, 120.2720249810382 -5.159721763706647, 120.27202386504806 -5.159593944880723, 120.27213658004618 -5.15954059440664, 120.27241111360607 -5.159517253572841, 120.27255619231663 -5.159559489366726, 120.2725003928125 -5.159770668294137, 120.27263431162223 -5.159775114165542, 120.27263989157268 -5.15942944757126, 120.27281063805498 -5.159431670508117, 120.27283295785662 -5.1591804785892075, 120.27268787914616 -5.159158249211047, 120.27258744003882 -5.159087115195747, 120.27237540192348 -5.159060439938011, 120.27237763390369 -5.159220491467907, 120.27214773994702 -5.159216045592594, 120.27215443588753 -5.1587603432106315, 120.27277269439227 -5.1586669797553535, 120.27275483855102 -5.158311309323847, 120.27297357260687 -5.158049002252938, 120.27297134062658 -5.157870055417722, 120.27301374824968 -5.157591076089639, 120.27294009290439 -5.157568846655789, 120.27297915255724 -5.157299870444974, 120.2728642055789 -5.157262080389711, 120.27291219315237 -5.156967540175892, 120.27305392389258 -5.156987546685319, 120.27311195537682 -5.156710789915729, 120.27290772919197 -5.156619649105807, 120.27305057592233 -5.1566352097328165, 120.27309298354542 -5.156605199951845, 120.27296129671589 -5.156532954176883, 120.27301040027942 -5.156389574076113, 120.27299031245798 -5.1562561972092285, 120.27277827434256 -5.156208403825045, 120.2728195659756 -5.15588274183265, 120.27279947815414 -5.155707128811813, 120.2725450324157 -5.154922426998685, 120.27250374078275 -5.154779046534384, 120.2725171326637 -5.154644557852326, 120.27250374078275 -5.154583426623803, 120.27245128924898 -5.154464498580478, 120.27238098187385 -5.15430444585163, 120.27228165875665 -5.154315560625798, 120.27211760821478 -5.154169957069031, 120.27202163306785 -5.15396655662481, 120.27193904980184 -5.153769824985653, 120.27187990232756 -5.153570870328193, 120.271802899012 -5.153289666152959, 120.27166674822216 -5.152733926310103, 120.27160871673802 -5.152387144401936, 120.27153506139263 -5.151889200818059, 120.27143239030518 -5.151455722827046, 120.27139444664247 -5.151384587948969, 120.27119580040808 -5.151393479809195, 120.27113107298332 -5.151373473123553, 120.27102840189596 -5.150902204347106, 120.2710819694199 -5.150695468405673, 120.27102616991576 -5.150479840524079, 120.27104848971742 -5.150457610841451, 120.27118240852705 -5.150446495999781, 120.27114223288416 -5.150284219289934, 120.27107750545949 -5.150264212569387, 120.27105518565784 -5.150093043934743, 120.27126722377326 -5.149995233265668, 120.27125829585263 -5.149899645551835, 120.27110428922146 -5.149848517233811, 120.27114446486435 -5.1497351457314915, 120.27130963139628 -5.149799611882398, 120.2713631989202 -5.14988186178955, 120.27161764465863 -5.14985074020433, 120.27212207217511 -5.149672902545153)",-1,47
"LINESTRING (120.26412248793936 -5.141492598127127, 120.2642560008123 -5.141601194918597, 120.2644050901871 -5.14166546648027, 120.26451190048539 -5.141829469746349, 120.26463651250015 -5.142084339602946, 120.26471884543848 -5.14238575078003, 120.26480117837673 -5.142660566728872, 120.26446739619448 -5.1428445160476715, 120.26439618932892 -5.142698243099695, 120.26425377559771 -5.142538672572592, 120.26413138879755 -5.142401264586714, 120.26398897506643 -5.142172989963954, 120.26398229942284 -5.142059960751475, 120.2640001011392 -5.141964661596064, 120.26398674985192 -5.141849416086573, 120.2638999664845 -5.141561302221807, 120.26412248793936 -5.141492598127127)",-1,50
"LINESTRING (120.2639770824001 -5.139639178958142, 120.26369234005334 -5.1395988655108065, 120.2635117519216 -5.139448899546626, 120.26306792692236 -5.13929397799495, 120.26276164280598 -5.139165163597224, 120.26282859460858 -5.138932587417931, 120.26302302488152 -5.138662862321184, 120.26341188542608 -5.138834775034316, 120.26353687631608 -5.138451429382294, 120.26360829968152 -5.138409933189679, 120.26389002517841 -5.138380293050802, 120.26396144854341 -5.138593702022985, 120.26399319226111 -5.138773518786686, 120.26398327234892 -5.13892962340836, 120.26397335243692 -5.139022495760124, 120.2639770824001 -5.139639178958142)",-1,49
"LINESTRING (120.24153325624138 -5.136201163685226, 120.24126734981509 -5.1362908375679455, 120.24140424074949 -5.136618973760297, 120.24153267389157 -5.136696035933206, 120.24169442171062 -5.136629800415425, 120.2417846716918 -5.136869829785227, 120.24224696001427 -5.136781732755645, 120.24240717546184 -5.137089241202262, 120.24234542575809 -5.137275408405871, 120.24233040555985 -5.137481522032304, 120.24247969732671 -5.138019308992246, 120.24061810296458 -5.138241981004453, 120.24054467088452 -5.138241981004453, 120.24051963722084 -5.137472379897077, 120.24088345979958 -5.13743581135475, 120.2413307279239 -5.137366829780697, 120.24112545188169 -5.136143444479367, 120.24148092990585 -5.136061996189832, 120.24153325624138 -5.136201163685226)",-1,11
"LINESTRING (120.24678208385784 -5.135417724413547, 120.24705342343958 -5.134881825928226, 120.24730376007624 -5.134323322057075, 120.24785674270562 -5.134526907072233, 120.24759248166394 -5.135077967052635, 120.24739054344367 -5.1349765720721345, 120.24711016641052 -5.135541724217039, 120.24730376007624 -5.135707945340749, 120.24720863215425 -5.135932343789016, 120.24695495769575 -5.135781082621425, 120.24678208385784 -5.135417724413547)",-1,12
"LINESTRING (120.26476596313897 -5.131287902560698, 120.26483437385357 -5.131670455645996, 120.26513244008048 -5.131693343788222, 120.26513423828473 -5.131828863806274, 120.26517887788795 -5.131998802331837, 120.26515606209078 -5.132140088397173, 120.26548644610754 -5.132249774949281, 120.26539392469284 -5.132450606307047, 120.26504121147545 -5.132291297003609, 120.26494847813053 -5.13256489448801, 120.26493073481599 -5.132699664075056, 120.26534194839785 -5.132896521939288, 120.26550183990304 -5.132815520778132, 120.26549532307533 -5.1329018469933745, 120.26551615489018 -5.132956187714453, 120.26550425099596 -5.1330964855548205, 120.26545961139274 -5.13319528683238, 120.26537132417742 -5.133317800395319, 120.26554988259038 -5.133404745490176, 120.26549929104004 -5.133587527753279, 120.26538124408926 -5.133605311970666, 120.26521930152865 -5.133721650380594, 120.26510472654705 -5.13362309618761, 120.2650404951179 -5.133530223049452, 120.26512204483689 -5.133462218258942, 120.26526797973722 -5.133350472275631, 120.26526844852951 -5.133240493786205, 120.26526207965911 -5.1330563687044455, 120.26505497279749 -5.132974191298676, 120.26500251333752 -5.132973966494412, 120.26493049869642 -5.133086029231369, 120.2647069143286 -5.132953572650199, 120.2646351646751 -5.133003473605123, 120.26431831915336 -5.132932780068587, 120.26426942582727 -5.133214694147068, 120.26443145088818 -5.133244079222153, 120.26451695723819 -5.133323344739769, 120.26467289210419 -5.133729757324422, 120.26427418192908 -5.133946176041591, 120.26413431117233 -5.134024228948129, 120.26399344842437 -5.133958032179884, 120.26401031227442 -5.133880967276892, 120.26378215430236 -5.133727825454824, 120.26379604217898 -5.133686328954721, 120.26367204328108 -5.133579623656524, 120.26353713248024 -5.133336572632683, 120.26342503747647 -5.13319528683238, 120.26332484636701 -5.133177502603535, 120.26327028685198 -5.133053012987941, 120.26336650999671 -5.13298286406678, 120.26340817362642 -5.133027324651505, 120.26345876517675 -5.13298286406678, 120.26347066907097 -5.132889990835364, 120.26364823549271 -5.1330569650396045, 120.26359565995999 -5.133174538565364, 120.26383373784388 -5.133317800395319, 120.26389524129723 -5.133269387780513, 120.26398253652135 -5.133030288690386, 120.26402023218625 -5.132853434346949, 120.26401824820394 -5.132778345337184, 120.2640420559923 -5.132652867630026, 120.26402023218625 -5.132636071399664, 120.26404602395702 -5.132557030309546, 120.26395376877699 -5.132528377912025, 120.26403114408927 -5.13233571520517, 120.26407280771897 -5.132243829893722, 120.26407379971018 -5.132020538651603, 120.2642404542289 -5.132002754389984, 120.26422187586702 -5.131960658047039, 120.26431487053561 -5.131951867507987, 120.26405174276893 -5.131474476886287, 120.26383573428929 -5.131578749743391, 120.26380150330635 -5.131553737900927, 120.26374847347765 -5.131463613616359, 120.26365179696312 -5.1313197466091625, 120.2635913569002 -5.131177947624342, 120.26338509048107 -5.131234444562403, 120.26331509613617 -5.131096430036462, 120.26333490617192 -5.130924371827448, 120.26331622152627 -5.130832482075374, 120.26316060506636 -5.130642457641675, 120.26311980320013 -5.130816338546016, 120.26315706640713 -5.131024982692865, 120.26312297800676 -5.131078392196707, 120.26302439998591 -5.131044975522657, 120.26299250304517 -5.130808142056751, 120.26296179212284 -5.130628694708304, 120.2629881992745 -5.130475313662218, 120.26296698336316 -5.1304178416968975, 120.26287572863752 -5.130336292039915, 120.26291118604378 -5.130285582798309, 120.26300840117972 -5.130317199348043, 120.26307387259779 -5.1301610926183665, 120.2633218703935 -5.130244086074385, 120.2632435030901 -5.130386360545256, 120.26338238185565 -5.13056617962284, 120.26345975716795 -5.130518754816092, 120.26359268398647 -5.130514802748707, 120.26369783505184 -5.130641268892931, 120.26385456965882 -5.130589892024926, 120.2640013843538 -5.130712406088176, 120.26401725621282 -5.130913961431259, 120.26424739816721 -5.130911985398854, 120.26418391073155 -5.131014739078997, 120.26441603666834 -5.131275575269776, 120.26476596313897 -5.131287902560698)",-1,48
"LINESTRING (120.25274774746974 -5.126825027795577, 120.25493068294213 -5.127662793263597, 120.25455017125428 -5.128424095057025, 120.25405617362436 -5.128168111585894, 120.25376244530395 -5.128045106504751, 120.2536589728275 -5.128078351123631, 120.25291130073907 -5.1277658516380535, 120.2524617531672 -5.127591814873587, 120.25274774746974 -5.126825027795577)",-1,9
"LINESTRING (120.25649111464438 -5.125696369802289, 120.25697342989781 -5.125965652155682, 120.25693003821414 -5.126086995401267, 120.25719539504914 -5.12624324557389, 120.25725046910911 -5.126364588766717, 120.257499136835 -5.1265291500461645, 120.2575041435677 -5.126859934711956, 120.25740234000205 -5.126886530456585, 120.25663464098275 -5.1269214373696785, 120.25613229879836 -5.126692049048718, 120.25614731899661 -5.1265790170922125, 120.25631587899865 -5.126028817135684, 120.25649111464438 -5.125696369802289)",-1,10
"LINESTRING (120.25937695392525 -5.121598416187266, 120.25901576115659 -5.122758830640859, 120.25897149313853 -5.122735047811109, 120.25861264697224 -5.122610208730259)",-1,5
"LINESTRING (120.26300648058724 -5.121302779513102, 120.26305429106831 -5.121322867643106, 120.2632384708449 -5.121412596305828, 120.26335441125072 -5.121400181614864, 120.26360292923744 -5.121500227156315, 120.26378275611545 -5.121604282375512, 120.26373726946731 -5.1218709097775355, 120.26366221621765 -5.121857837249942, 120.26358573236986 -5.121907716000849, 120.2634253982144 -5.121865271890578, 120.2633761586767 -5.122140123091133, 120.26309533301824 -5.122100556376606, 120.26306020058759 -5.122235508416726, 120.26299946049579 -5.122440128743276, 120.26317093529042 -5.122489636482073, 120.26296768778049 -5.122845963586163, 120.26291118252286 -5.122821431370437, 120.2628886760102 -5.122862664822823, 120.26286273455713 -5.12296601452362, 120.26278058155052 -5.122931515252447, 120.26274145903434 -5.123052832825857, 120.26280218147814 -5.123074779278867, 120.26271442872374 -5.123342397305895, 120.26274804881658 -5.123355714573273, 120.26269911954262 -5.123758606782467, 120.26264339442343 -5.123820573998892, 120.26263062429288 -5.1239133761997495, 120.2625783134383 -5.123984627725407, 120.26252944293651 -5.124030182717008, 120.26249182950832 -5.124056100527306, 120.26227001667968 -5.123936149744044, 120.26222082636484 -5.124058245252326, 120.26201458423151 -5.123912038884602, 120.26184527947908 -5.123688962510074, 120.26176468424539 -5.12338453999621, 120.26190547886952 -5.12322420289306, 120.26199121916758 -5.1231338183946855, 120.26201084640769 -5.123110123561923, 120.26203420784091 -5.122999765185885, 120.26200624535429 -5.1227941762305145, 120.26210010382906 -5.122644285171305, 120.26214082889868 -5.12248809631408, 120.26214014346333 -5.122313081341077, 120.26211243560687 -5.1222054997481985, 120.26212264590188 -5.122185715403281, 120.26215372820297 -5.122146734605846, 120.26220180443165 -5.122109980818544, 120.26226568811613 -5.1220611423763645, 120.26228351954882 -5.121793440688347, 120.26198298867858 -5.121632502246219)",-1,6
"LINESTRING (120.26265907307159 -5.121157702606969, 120.26277077974616 -5.12120374703595, 120.26286861739943 -5.121244854679284, 120.26296009226196 -5.121283288916321, 120.26299918433669 -5.121299713908443, 120.26300648058724 -5.121302779513102)",8,6
"LINESTRING (120.25861264697224 -5.122610208730259, 120.25831857793192 -5.122512117927134, 120.25830321652458 -5.122479775362241, 120.25833571780456 -5.122406993246529, 120.25839935988576 -5.122300872478889, 120.25842476380366 -5.122214910151411, 120.2582477377638 -5.122069503797076, 120.25811115088199 -5.121946984035184, 120.25803291719109 -5.121840255070674, 120.25793575053557 -5.121699972810554, 120.25788259455 -5.1215837879002395, 120.25777585646887 -5.121476462203909, 120.25793466897956 -5.12111557625967)",-1,5
"LINESTRING (120.25937695392525 -5.121598416187266, 120.25932513398625 -5.121585436450869, 120.25870429912717 -5.121371006449647, 120.25860166110616 -5.121440820876509, 120.25793466897956 -5.12111557625967)",5,2
"LINESTRING (120.26198298867858 -5.121632502246219, 120.26222718568707 -5.121068238133806, 120.26225492595013 -5.120991116905381)",-1,6
"LINESTRING (120.26225492595013 -5.120991116905381, 120.26236533739313 -5.1210366274984525, 120.26265907307159 -5.121157702606969)",8,6
"LINESTRING (120.26332582426372 -5.120840908828826, 120.26329918704862 -5.120903993730395, 120.2630859969958 -5.121243542514951, 120.26302762047503 -5.121289197571486, 120.26300648058724 -5.121302779513102)",-1,8
"LINESTRING (120.26343525039293 -5.1206881655471586, 120.26340758736285 -5.120730222268198, 120.26332582426372 -5.120840908828826)",-1,3
"LINESTRING (120.26364276385517 -5.120772980670439, 120.26343525039293 -5.1206881655471586)",-1,0
"LINESTRING (120.26332582426372 -5.120840908828826, 120.26328244924672 -5.120820180491202, 120.26288915377114 -5.120632229818576)",8,3
"LINESTRING (120.2642215259298 -5.120612765539854, 120.26412956269988 -5.120922811330051, 120.26407412535724 -5.120907967857378, 120.26378101527668 -5.1208294868972475, 120.26364276385517 -5.120772980670439)",-1,0
"LINESTRING (120.26419575819669 -5.120515681547009, 120.26417075452369 -5.120596323003544, 120.2642215259298 -5.120612765539854)",40,0
"LINESTRING (120.26343525039293 -5.1206881655471586, 120.26343440987826 -5.120687822012536, 120.26366704133795 -5.120335768347915)",3,3
"LINESTRING (120.26343525039293 -5.1206881655471586, 120.26343440987826 -5.120687822012536, 120.26366704133795 -5.120335768347915)",3,51
"LINESTRING (120.26343525039293 -5.1206881655471586, 120.26366704133795 -5.120335768347915)",3,0
"LINESTRING (120.26343525039293 -5.1206881655471586, 120.26366704133795 -5.120335768347915)",51,0
"LINESTRING (120.26370598253781 -5.120262224523196, 120.26366704133795 -5.120335768347915)",-1,3
"LINESTRING (120.26366704133795 -5.120335768347915, 120.26369225661414 -5.120297608676137, 120.26370598253781 -5.120262224523196)",-1,0
"LINESTRING (120.25984402870536 -5.120181688427626, 120.25982784319385 -5.120230688800807, 120.25959680688936 -5.120891720452268, 120.25937695392525 -5.121598416187266)",-1,2
"LINESTRING (120.26436982509323 -5.119954285450999, 120.26435075311271 -5.12001579563852, 120.26419575819669 -5.120515681547009)",40,0
"LINESTRING (120.26436982509323 -5.119954285450999, 120.26472033741338 -5.120040090405873, 120.26515488100044 -5.120132323273794, 120.2652935170939 -5.12016591001838, 120.26532851722487 -5.120172931602672, 120.26537764000547 -5.12017327139158, 120.26544227778379 -5.120173718494024, 120.26550294952104 -5.120373377332997, 120.26541308872294 -5.120396504401435, 120.26530933006723 -5.120423208278766, 120.26528785274171 -5.120488654766729, 120.26525282809853 -5.120478382687009, 120.26509923411557 -5.120433336391426, 120.26507691419775 -5.120487383094894, 120.26503418231651 -5.120590856427019, 120.26498238720431 -5.120567954398301, 120.264952380496 -5.120614674227551, 120.2646796043196 -5.120534828423094, 120.26465807767761 -5.120586954126936, 120.26464057318375 -5.120629340385173, 120.26449834058464 -5.120587463653135, 120.26434597612456 -5.120516834897669, 120.26432935077493 -5.120509128191462, 120.26428573904782 -5.120633561229469, 120.2642215259298 -5.120612765539854)",-1,40
"LINESTRING (120.25984402870536 -5.120181688427626, 120.25997971475104 -5.119770909181985, 120.26010839889287 -5.119381327307136)",2,1
"LINESTRING (120.26370598253781 -5.120262224523196, 120.2638218380741 -5.120043421238372, 120.26396547842108 -5.11962921806439, 120.26403929913232 -5.119356129300699)",3,0
"LINESTRING (120.26403929913232 -5.119356129300699, 120.2641841756383 -5.119401516479692, 120.26450960573301 -5.119503467700313, 120.26436982509323 -5.119954285450999)",-1,0
"LINESTRING (120.25793466897956 -5.12111557625967, 120.25811532161464 -5.120689166816626, 120.25844085585162 -5.119838456735313, 120.25862198268622 -5.119301287484277)",-1,2
"LINESTRING (120.26225492595013 -5.120991116905381, 120.26222107477307 -5.1209771637558115, 120.2614623143822 -5.120666913876602, 120.26195949247706 -5.119264323940141, 120.2621257751098 -5.119183068314624, 120.26218676581944 -5.119148732871513)",-1,8
"LINESTRING (120.26288915377114 -5.120632229818576, 120.26264996728409 -5.120524812445713, 120.26261550440024 -5.120498365352309, 120.2626073978784 -5.120442145083158, 120.26259517871361 -5.1202316957246845, 120.26260221639676 -5.120111072032672, 120.26265252683248 -5.120084815497948, 120.26275460053077 -5.120031544204349, 120.26277501094644 -5.1199981592558546, 120.26273728675841 -5.119897581067677, 120.26266859502104 -5.119789697773467, 120.26257159491762 -5.119609967100989, 120.26246136837604 -5.1194564794895685, 120.26235335338326 -5.119343646230477, 120.26226669686486 -5.1192548131033115, 120.26220982582178 -5.1191708891593395, 120.26218676581944 -5.119148732871513)",8,3
"LINESTRING (120.25862198268622 -5.119301287484277, 120.25868189509849 -5.119117009407568, 120.25896313054045 -5.119211452562642, 120.25897388593427 -5.11917681554752, 120.25899649443681 -5.119104006377005, 120.25954250502325 -5.119225410182325, 120.2595566895654 -5.119254161366869, 120.25994833422433 -5.119340475299315, 120.26010839889287 -5.119381327307136)",-1,2
"LINESTRING (120.26010839889287 -5.119381327307136, 120.26024241049646 -5.118957520610732, 120.26027105368881 -5.118897961949618, 120.26070842515435 -5.118997381824884, 120.26127442349855 -5.1191289114985254, 120.26142878399173 -5.119165435206672, 120.2613716257917 -5.119485089468488, 120.2613310660317 -5.119602546847955, 120.26125016019917 -5.119787254151274, 120.26117225002753 -5.119940414717459, 120.26107556994484 -5.12013366156727, 120.26099336150993 -5.120288238188551, 120.26094129503826 -5.120419991449741, 120.26092381532361 -5.120493077313147, 120.26086466372212 -5.120472241053851, 120.26052515061436 -5.120375173972367, 120.26000786820146 -5.1202266375007115, 120.25984402870536 -5.120181688427626)",-1,1
"LINESTRING (120.25395321025631 -5.1188340879164445, 120.25389822027121 -5.119011703079022, 120.2538556906846 -5.11914349597171, 120.25355499568361 -5.1194252831002744, 120.25333702430481 -5.119990502587666, 120.25325565269056 -5.119956454625172, 120.2524841413219 -5.119656897187828, 120.25245012502386 -5.119329969998419, 120.25256138575133 -5.118789183246862)",-1,13
"LINESTRING (120.25256138575133 -5.118789183246862, 120.25273643596246 -5.118733035962262, 120.25287648786889 -5.118507121218195, 120.25292532647502 -5.118433074631377, 120.25297479303867 -5.118358075938343)",-1,13
"LINESTRING (120.25297479303867 -5.118358075938343, 120.25300976481073 -5.118414718320239, 120.25303798941356 -5.1185023923065325, 120.25320847655556 -5.118562608905173, 120.25391630543206 -5.118820634949615, 120.25395321025631 -5.1188340879164445)",15,13
"LINESTRING (120.26218676581944 -5.119148732871513, 120.26223281068683 -5.119122811359731, 120.26239817164846 -5.119029719362154, 120.26296064779322 -5.118713065812639, 120.26352259251377 -5.118421740583188, 120.26350106671404 -5.11837441217, 120.26373405521214 -5.118257059827756, 120.2638214111214 -5.118461853386045, 120.26393107888747 -5.1187468367818605, 120.26403257390092 -5.118991140327965, 120.26406420501128 -5.1191227738959215, 120.2640732853491 -5.119230402265871, 120.26403929913232 -5.119356129300699)",-1,3
"LINESTRING (120.26940556450616 -5.119105773497233, 120.26947565876446 -5.118938716924391, 120.26950763130438 -5.118892234458248, 120.26972162555194 -5.119036600863034, 120.26976135606051 -5.119114235208209, 120.26971507486057 -5.119231669537581, 120.26975588295241 -5.119392511460295, 120.26980500284519 -5.119424109133839, 120.26983989857096 -5.119392512289143, 120.27001763758301 -5.119295270452338, 120.2700482729353 -5.119268954437371, 120.2700656603302 -5.119217385375461, 120.2704224924474 -5.119416873345604, 120.27058655303296 -5.11952803234663, 120.2708878381936 -5.119668467335424, 120.27119789864211 -5.11966198642335, 120.27138387191889 -5.119534942923008, 120.27140541082075 -5.11952234288102, 120.27153833292891 -5.119444584744913, 120.2715838290668 -5.119512201936758, 120.27152299777958 -5.11968695596001, 120.27124108475174 -5.120020530773204, 120.27055792132342 -5.119869329540159, 120.27050286858194 -5.120471668576141, 120.2704071146607 -5.120680632888484, 120.27034330985322 -5.120695568939991, 120.26937302074346 -5.120379890102343, 120.26942634276084 -5.120180940872275, 120.2694539037982 -5.120089840833562, 120.2687723179857 -5.119886097049052, 120.26875217820883 -5.119965519013257, 120.26873169226317 -5.120019335182023, 120.26854440647585 -5.1200457775786505, 120.26825651934368 -5.12010312526303, 120.26794899422657 -5.120042333288375, 120.26794930106708 -5.11997008981193, 120.2679194028652 -5.119935533382301, 120.26773088731946 -5.119855829153573, 120.26764211163407 -5.119872664432788, 120.26762777967659 -5.1199097172686985, 120.26760126634808 -5.12005754456488, 120.26752649595882 -5.12003577706339, 120.26735114398703 -5.119984727752034, 120.26741918658925 -5.119810027574332, 120.267100832289 -5.11964656591599, 120.26678784627163 -5.119514930922507, 120.26684837576202 -5.1193139708067585, 120.26708369220054 -5.119383785458241, 120.26722513240027 -5.118989831253516, 120.2672000987366 -5.118881369135562, 120.26712124269605 -5.11883773494499, 120.26706742031918 -5.118815294502952, 120.26711248091372 -5.118504868307448, 120.26721136388522 -5.11833407150115, 120.26746295220518 -5.118137094105777, 120.26754305992893 -5.118036111999811, 120.26765320804915 -5.118043592156394, 120.26780215834792 -5.118395159415166, 120.267795899932 -5.118578423122398, 120.26780466171432 -5.118785373912325, 120.26780466171422 -5.118871395606537, 120.26784471557615 -5.119048425723325, 120.26783720547711 -5.1190920598995975, 120.2677358191392 -5.119235429314693, 120.26770202369322 -5.119318957567807, 120.2677646078524 -5.119383785458241, 120.26773957418872 -5.119568295572006, 120.26794359854765 -5.119636863506092, 120.26811007241113 -5.119179328243082, 120.26835915736469 -5.119256623051592, 120.26831284508685 -5.119468560381944, 120.26846179538579 -5.119502221010362, 120.26865580627918 -5.119601956195095, 120.26869836350743 -5.119644343643935, 120.26897123044145 -5.1197864662458885, 120.26901378766968 -5.119618163161175, 120.26946689698224 -5.1197328586015205, 120.26954074629006 -5.119198028600789, 120.26940556450616 -5.119105773497233)",-1,39
"LINESTRING (120.2536120591628 -5.117862384944137, 120.25424821921233 -5.118090811321594, 120.25504993766644 -5.118413669126707, 120.25473966263492 -5.119152548697213, 120.25464842679389 -5.119110983033058, 120.25398365988234 -5.118845187759622, 120.25395321025631 -5.1188340879164445)",-1,15
"LINESTRING (120.27689720128092 -5.117812642282769, 120.27686048524093 -5.118061980874143, 120.27682376920086 -5.1182165707519305, 120.27672196563528 -5.118258127164375, 120.27667356721881 -5.118467571441763)",38,36
"LINESTRING (120.27689720128092 -5.117812642282769, 120.27697730900475 -5.117769423583749, 120.2771158286104 -5.117812642282769, 120.27705240999569 -5.117992166078332, 120.2773528139598 -5.1180752789296, 120.27740769088271 -5.117852915986874, 120.27756309673462 -5.117985517049804, 120.27779674426226 -5.118116835351192, 120.27802037832438 -5.117714569076857)",-1,38
"LINESTRING (120.27802037832438 -5.117714569076857, 120.27806251832493 -5.117750307619738, 120.27814346050411 -5.118175014336821, 120.27816515634595 -5.118387783153698, 120.27797323159119 -5.1183902765378635, 120.27779298921266 -5.118764284050646, 120.27789646168921 -5.118838254399514, 120.277919826442 -5.118877317389335, 120.27782219515362 -5.1190410494694065, 120.27781218168818 -5.119159069521449, 120.27775543871724 -5.119247168982686, 120.27769702683533 -5.119238026586335, 120.27764946287438 -5.119253817998158, 120.27750343316951 -5.119150758250844, 120.27746337930769 -5.119219741793189, 120.2774112258417 -5.119193145729526, 120.27733987990028 -5.1193041011752465, 120.27719468465095 -5.119490273565195, 120.27706784742169 -5.119406329771057, 120.2770469860353 -5.119299945540921, 120.27717924722504 -5.119159485084944, 120.27727103732518 -5.119205612634546, 120.27749800920913 -5.118814982830043, 120.27733111811796 -5.1186670421183615, 120.27711749752127 -5.118563982276545, 120.27708912603576 -5.11865540633065, 120.2769506064301 -5.11865540633065, 120.27693391732099 -5.118522425883996, 120.27667356721881 -5.118467571441763)",-1,38
"LINESTRING (120.25297479303867 -5.118358075938343, 120.2528735984227 -5.118194175049749, 120.25265986122994 -5.117991230271611, 120.2524186469804 -5.117801317255808, 120.25238687557489 -5.117703155788765, 120.25238546584602 -5.117621084534528, 120.25238482840703 -5.117568302734441, 120.25260209324036 -5.117615139715313, 120.25325183365507 -5.1177900698483585, 120.2536120591628 -5.117862384944137)",-1,15
"LINESTRING (120.27667356721881 -5.118467571441763, 120.27663059276281 -5.1186695355014615, 120.27641864107702 -5.118624654604774, 120.27624340543137 -5.118632965882218, 120.27610989255844 -5.118676184522884, 120.27599807552734 -5.11865457520295, 120.27589627196176 -5.118576449193822, 120.2758111575052 -5.118443468730736, 120.27570601611788 -5.118385289769532, 120.27565928661228 -5.118262282805451, 120.275645935325 -5.118125977763531, 120.27519532937893 -5.118041202661925, 120.27506682323872 -5.118395263306106, 120.27493664818762 -5.118353706902632, 120.27486321610756 -5.118177507721787, 120.27484152026564 -5.11801128203506, 120.27464458877807 -5.117879963712, 120.27459952818353 -5.117771916970313, 120.27450273135058 -5.1177486453620284, 120.27444598837964 -5.1178783014545575, 120.2745544675889 -5.118057825231735, 120.27456448105434 -5.118207428340836, 120.2744543329342 -5.1182257131629365, 120.27426908382304 -5.118239011215018, 120.27423737451568 -5.117891599513922, 120.27435252936863 -5.117728698268452, 120.27409384817732 -5.117614002468749, 120.2741823004556 -5.117524240524205, 120.27452108937067 -5.1177187247214855, 120.2746245618472 -5.117743658588634, 120.27497670204946 -5.117565796981592, 120.27541395670833 -5.117695453111247, 120.27559586799765 -5.11779518857771, 120.27593966364543 -5.117879963712, 120.27603171765801 -5.1178692790215345, 120.2761532842421 -5.1178284337297635, 120.27629681058056 -5.117848380820143, 120.27630348622415 -5.117914871116967, 120.27667899117928 -5.118001308492535, 120.27675742999206 -5.11779020180476, 120.27689720128092 -5.117812642282769)",-1,36
"LINESTRING (120.26517200064207 -5.117177391849446, 120.26543656856448 -5.116249376750635, 120.26557765509148 -5.115685865566964, 120.26587012937742 -5.115756249011992, 120.26589734886745 -5.115623638194198, 120.26625570377445 -5.115701675540117, 120.2662858687662 -5.115706504182847, 120.26628832395647 -5.115643239011079, 120.26665531755998 -5.115695014173636, 120.26671483263276 -5.115717981610389, 120.26680403118282 -5.116050695275718, 120.26688742592806 -5.1163463254895385, 120.26685257315664 -5.1163792540215285, 120.2667697195182 -5.116433225932647, 120.26673089778063 -5.1167078762692535, 120.26653193238724 -5.116652936294639, 120.26651863988964 -5.116716533598063, 120.2664508816318 -5.116698395944373, 120.26635072306564 -5.116671585304176, 120.26633404029315 -5.116741254964528, 120.26631902440444 -5.116836420913693, 120.26620517399044 -5.116812161079019, 120.26600728372077 -5.116781449608763, 120.26596699955374 -5.116912940161254, 120.26594123077143 -5.116906363688732, 120.26582980073033 -5.116877925522954, 120.2658126251586 -5.116941347935431, 120.26577262955604 -5.117089035354614, 120.26575217963678 -5.117087238658223, 120.26563533322201 -5.117076972711641, 120.26562047745597 -5.1171344068351425, 120.26558393747551 -5.117275674565101, 120.26555476119162 -5.117265032060534, 120.26517200064207 -5.117177391849446)",-1,31
"LINESTRING (120.27583285334723 -5.116245962577069, 120.27604605671623 -5.116284194594354, 120.27614869473724 -5.116184458892346, 120.27622504741147 -5.116162018357227, 120.27643032345358 -5.1159824940481196, 120.2765680086038 -5.116051062366609, 120.27658803553476 -5.116113397195197, 120.27674699929905 -5.1162056527303195, 120.27680582840863 -5.1161981725522425, 120.27713376940281 -5.11627297432866, 120.27710623237273 -5.116423824551018, 120.2768997046474 -5.116392657152578, 120.27671195216993 -5.116339049223815, 120.276529206425 -5.116595868562855, 120.2764941592959 -5.116777886090305, 120.2763677392944 -5.117068366009623, 120.27619375533187 -5.11702847177957, 120.27614118463812 -5.117079586261373, 120.27612991948948 -5.1172404098481765, 120.27626009454058 -5.117253292356037, 120.27628512820425 -5.117326431750134, 120.27642865454263 -5.11737131273786, 120.27630682404609 -5.117705426658657, 120.27596302839831 -5.11772869826854, 120.27593298800193 -5.117620651501185, 120.27567764463245 -5.1176023666618535, 120.2756392596815 -5.117264928169239, 120.27552410482856 -5.117246643319782, 120.27558251671047 -5.117116987099178, 120.27559920581959 -5.116934138538263, 120.27542063235201 -5.116917515939233, 120.2754089499757 -5.116811131295205, 120.2755975369087 -5.116824429376597, 120.27557083433406 -5.116546831868505, 120.27575608344532 -5.1165385205640606, 120.27574940780164 -5.116407201938665, 120.27517029571536 -5.1159849874417, 120.27524873452822 -5.115848681914657, 120.27546736185761 -5.115955066718734, 120.27551242245225 -5.115875278117319, 120.27563258403782 -5.115928470519358, 120.27573438760348 -5.115627600937221, 120.27542230126298 -5.115494619861292, 120.27544566601568 -5.115331718005643, 120.27561255710685 -5.115140557612084, 120.27583952899082 -5.114987629256061, 120.27607818325117 -5.115034172672648, 120.27583285334723 -5.116245962577069)",-1,34
"LINESTRING (120.25346645168278 -5.115902490638622, 120.25352682678681 -5.116033953190311, 120.25356694501936 -5.1163554566133955, 120.25356832514392 -5.116702615145273, 120.25349745933806 -5.116676268878682, 120.2529886269446 -5.116439858445319, 120.25265039433326 -5.116135479883941, 120.2525446541864 -5.115811932606882, 120.25238646936623 -5.1156663680037555, 120.25213115904765 -5.115483089291193, 120.25186418052019 -5.115283888014475, 120.25193832567757 -5.115142554638184, 120.25222166966346 -5.114925352035347)",-1,16
"LINESTRING (120.27880507937402 -5.114922489245431, 120.27875751541299 -5.115301485577704, 120.27901035541615 -5.115371300667058, 120.27896904987112 -5.115646820856033, 120.27881884788907 -5.115952261650912, 120.27866739422382 -5.1159323145013795, 120.2786285920451 -5.11602082997251, 120.27898907680199 -5.116175420343503, 120.27890771739504 -5.116398578958379, 120.27865112234237 -5.11631380362789, 120.27855098768777 -5.116463407144754, 120.2787262233334 -5.116555662629428, 120.27860105501502 -5.116760120683204, 120.27831191619964 -5.116610517235618, 120.27833444649691 -5.116505794801516, 120.27805782451328 -5.116464653840567, 120.27791888767996 -5.116408552525951, 120.27778871262886 -5.116326270588954, 120.27785254847126 -5.116070697838258, 120.27800275045321 -5.116170433557941, 120.27804781104794 -5.115669261409182, 120.27827561738734 -5.115705415632086, 120.27827186233782 -5.115381274250617, 120.27834195659604 -5.115209229912197, 120.27840579243842 -5.114895061870571, 120.27880507937402 -5.114922489245431)",-1,37
"LINESTRING (120.25250034102251 -5.1148688797763, 120.25264127163821 -5.115018821901061, 120.25273552852246 -5.115114143230735, 120.25297833307627 -5.115359689740882, 120.25313131267148 -5.115514396881314, 120.2532759823614 -5.115690491884959, 120.25346645168278 -5.115902490638622)",17,16
"LINESTRING (120.25222166966346 -5.114925352035347, 120.25242056697603 -5.114784004735793, 120.25250034102251 -5.1148688797763)",-1,16
"LINESTRING (120.25250034102251 -5.1148688797763, 120.25249786638805 -5.114848809465376, 120.25250002886936 -5.114830926976642, 120.25252920452343 -5.114589660616507)",-1,17
"LINESTRING (120.25252920452343 -5.114589660616507, 120.25259364391592 -5.1143928300744195, 120.25262548092175 -5.114314089071901, 120.25288627153112 -5.114442401213879, 120.2533421775462 -5.114667184376629, 120.25390186984164 -5.114933535175823, 120.25423016698879 -5.115111866374343, 120.254557498374 -5.115293062392266, 120.25453352287703 -5.115371080300933, 120.25450248892847 -5.115443928920514, 120.2545524914822 -5.115469185418651, 120.25423326361557 -5.116306877538233, 120.2535923570395 -5.116042627463256, 120.25351703286167 -5.1159587891693485, 120.25346645168278 -5.115902490638622)",-1,17
"LINESTRING (120.27627416947442 -5.11413287943163, 120.27661740512427 -5.114199116348471, 120.276594020747 -5.114315693031355, 120.27689708334148 -5.114374363227701, 120.27714646690222 -5.114495925009142, 120.27723109598595 -5.114331790501379, 120.27693798367554 -5.114175613855985, 120.27681647280927 -5.1140392939218, 120.2768078083896 -5.113832682960127, 120.27676441933592 -5.113717735108357, 120.27644364509871 -5.113693851627741, 120.27644972454286 -5.113471018486824, 120.27684901147846 -5.11360940235581, 120.27687654850854 -5.113831315164295, 120.27683524296351 -5.113879936499697, 120.27701798870827 -5.114126783222493, 120.27729085564229 -5.1140382674894385, 120.27732590277141 -5.113922324327523, 120.2772620669291 -5.113798900938591, 120.27740350712884 -5.113719112068503, 120.2776938976275 -5.113999619771168, 120.27757749109136 -5.114175404535424, 120.27755120574449 -5.114255193348758, 120.27763006178502 -5.114297581151804, 120.27759376297271 -5.114447185139935, 120.27785286139179 -5.114458405437692, 120.27783658951034 -5.114776313790935, 120.27816327882132 -5.11476758689706, 120.27813824515765 -5.1146578773640465, 120.2780906811967 -5.114353682651427, 120.2781532653558 -5.1142526999485165, 120.27846243110223 -5.114316281652241, 120.27869524417434 -5.11392357102831, 120.27883918774047 -5.114010840076653, 120.27880163724495 -5.114091875610936, 120.27895684595973 -5.114160444131842, 120.27879162377953 -5.114455912038161, 120.27880226308656 -5.114497676478067, 120.2788197866512 -5.114831791899175, 120.2762017026544 -5.114789347793168, 120.27623067998579 -5.114243973047537, 120.27627416947442 -5.11413287943163)",-1,35
"LINESTRING (120.27061220237604 -5.111845842859595, 120.27012683561273 -5.111713692439477)",-1,20
"LINESTRING (120.26881391012077 -5.111305113278129, 120.26872579623019 -5.111632338686943, 120.26837198711698 -5.1115026813292035, 120.26831691305682 -5.111673895526779, 120.26833026434419 -5.111856745590136, 120.26831858196778 -5.111993051967077, 120.2681466841439 -5.112539939455883, 120.26800148889455 -5.112493395858018, 120.26804488057823 -5.112199173750185, 120.26788132730898 -5.112175901939307, 120.26790719542811 -5.111725426004441, 120.2677928750306 -5.1117142056589, 120.26780664354564 -5.11157748365416, 120.26797854136953 -5.111590366275974, 120.26802109859784 -5.111320662302064, 120.26780497463476 -5.111276612027436, 120.26780496865688 -5.111016138504152)",-1,19
"LINESTRING (120.26881391012077 -5.111305113278129, 120.26780496865688 -5.111016138504152)",19,18
"LINESTRING (120.2716120458486 -5.110011028005677, 120.2715949661466 -5.110095595751816, 120.27154658108459 -5.110167871424818, 120.27148465495645 -5.110530902112818, 120.27165450947935 -5.110567910084083, 120.27148048824672 -5.110902388629744, 120.27135452801399 -5.110909079799318, 120.2712755929348 -5.111452737099385, 120.27122520884181 -5.1115848875733265, 120.27123864459992 -5.111655144776226, 120.27123024725105 -5.111713692439477, 120.27117986315798 -5.111805695899439, 120.27105054398581 -5.1120231585704206, 120.2709665704973 -5.111969629304423, 120.27061220237604 -5.111845842859595)",-1,21
"LINESTRING (120.25641163867581 -5.110084302337168, 120.2568549372233 -5.109993023095581, 120.25684269278085 -5.109966792484742)",7,4
"LINESTRING (120.25684269278085 -5.109966792484742, 120.25694117108654 -5.109957750819992, 120.25707978150719 -5.110332753450806, 120.25724610143259 -5.110920183590804, 120.25745104910155 -5.1115077791462165, 120.25770523944979 -5.112290680281959, 120.25771299447938 -5.112432695661416, 120.25756161681271 -5.1123928728630235, 120.2573624454399 -5.112352810182739, 120.25725556601743 -5.112365741551604, 120.25691781283432 -5.112389192237086, 120.25691393894866 -5.112389192236287, 120.25686082591594 -5.112111576432519, 120.25674124750209 -5.111522911793618, 120.25664634744211 -5.111074457536334, 120.25648716867975 -5.11037803466363, 120.25641163867581 -5.110084302337168)",-1,4
"LINESTRING (120.2711429148231 -5.109950569035846, 120.27061220237604 -5.111845842859595)",21,20
"LINESTRING (120.2711429148231 -5.109950569035846, 120.2716120458486 -5.110011028005677)",23,21
"LINESTRING (120.27012683561273 -5.111713692439477, 120.27069617586457 -5.109860238104667)",-1,20
"LINESTRING (120.27069617586457 -5.109860238104667, 120.2711429148231 -5.109950569035846)",23,20
"LINESTRING (120.26938835386214 -5.109578596302254, 120.26881391012077 -5.111305113278129)",-1,18
"LINESTRING (120.27069617586457 -5.109860238104667, 120.26946751128631 -5.109577019055565)",-1,22
"LINESTRING (120.27085242895352 -5.109430755405129, 120.27069617586457 -5.109860238104667)",23,22
"LINESTRING (120.27085242895352 -5.109430755405129, 120.27087689424198 -5.109418899695204)",29,23
"LINESTRING (120.27087689424198 -5.109418899695204, 120.27090261280597 -5.109427791291464)",29,23
"LINESTRING (120.27090261280597 -5.109427791291464, 120.27102262953453 -5.109439694935934, 120.27117857727548 -5.109411062757439, 120.27127462742686 -5.109393427820906, 120.27140548085309 -5.109376767821215, 120.27143402771112 -5.1093731332902275, 120.27145342994889 -5.1093706630343165, 120.27150881607595 -5.1093636113763035, 120.27150885610891 -5.109363606279403, 120.27168418204357 -5.109341284059597)",28,23
"LINESTRING (120.27168418204357 -5.109341284059597, 120.27167740607712 -5.109380563918518, 120.2716120458486 -5.110011028005677)",-1,23
"LINESTRING (120.26780496865688 -5.111016138504152, 120.26780622631796 -5.110985713911352, 120.26773279423782 -5.110802032461479, 120.2676510176031 -5.110717256389894, 120.26756506869121 -5.11061087071558, 120.26752584928482 -5.110499498193886, 120.26751945879614 -5.110437352168227, 120.26755255185937 -5.11028589561666, 120.26766353443503 -5.1101753541771915, 120.26777618592158 -5.110167042789969, 120.26806924492122 -5.11010680875905, 120.26809745127198 -5.109930168209485, 120.26811580929197 -5.10966087910638, 120.26811580929197 -5.109494651208444, 120.26812999503468 -5.109288528555099, 120.26938835386214 -5.109578596302254)",-1,18
"LINESTRING (120.27085242895352 -5.109430755405129, 120.27077876166135 -5.109410007370106, 120.2704904185301 -5.109328796846378, 120.27015324320192 -5.109223285758156, 120.26977660285705 -5.109115082657277)",22,22
"LINESTRING (120.27085242895352 -5.109430755405129, 120.27077876166135 -5.109410007370106, 120.2704904185301 -5.109328796846378, 120.27015324320192 -5.109223285758156, 120.26977660285705 -5.109115082657277)",22,29
"LINESTRING (120.26977660285705 -5.109115082657277, 120.26977720661995 -5.1091135532795855)",22,22
"LINESTRING (120.26977660285705 -5.109115082657277, 120.26977720661995 -5.1091135532795855)",22,29
"LINESTRING (120.26977720661995 -5.1091135532795855, 120.27008084096296 -5.109197944918507, 120.27085242895352 -5.109430755405129)",29,22
"LINESTRING (120.26977720661995 -5.1091135532795855, 120.27008084096296 -5.109197944918507, 120.27085242895352 -5.109430755405129)",29,29
"LINESTRING (120.26946751128631 -5.109577019055565, 120.26963897586272 -5.109075133628569)",-1,22
"LINESTRING (120.26963897586272 -5.109075133628569, 120.26977720661995 -5.1091135532795855)",29,22
"LINESTRING (120.25641163867581 -5.110084302337168, 120.25631653246526 -5.109684431926163, 120.2562321487854 -5.109342177249919, 120.25611450542306 -5.108971089911994, 120.25604575949428 -5.108787135999624)",-1,7
"LINESTRING (120.25604575949428 -5.108787135999624, 120.2563606843793 -5.108685083614859, 120.25653951306094 -5.1093173067721525, 120.25684269278085 -5.109966792484742)",-1,7
"LINESTRING (120.26963897586272 -5.109075133628569, 120.26963883292177 -5.109075503373693, 120.26959502339002 -5.109062917530925, 120.26954290437834 -5.109062492001535, 120.26929993445266 -5.1090040759149895, 120.26908432490644 -5.108960121626958, 120.26891516135217 -5.108928319558424, 120.2688770761585 -5.1089126165605, 120.26887863302247 -5.108826551190558, 120.268903004107 -5.108702328767898, 120.26892598544889 -5.108624722756059, 120.26885080402887 -5.108572120014785, 120.26859518163317 -5.108473883220442, 120.26844964724694 -5.108419486843883, 120.2684496213195 -5.108367825025593)",-1,24
"LINESTRING (120.24106852347632 -5.108572882100913, 120.24123467282925 -5.108370453111342, 120.2413023507884 -5.108286512654002, 120.24170308607674 -5.108529710821739, 120.24199679547701 -5.10870909141443, 120.24218590917263 -5.108813906175656, 120.24245831795359 -5.108956137111751, 120.2427751806479 -5.109018466118418, 120.24301832684104 -5.109033856693455, 120.2432495358162 -5.109052782114596, 120.24355200560497 -5.1091353710474445, 120.24389601326129 -5.109262368967181, 120.24416604366697 -5.109403393833454, 120.24444539205565 -5.109595861768555, 120.24504015173707 -5.109911618112915, 120.24494007512732 -5.110174180586545, 120.24488934296423 -5.110183719023518, 120.24481615564544 -5.1103227081280105, 120.24477610178353 -5.110409146528625, 120.24476497571075 -5.110475637598076, 120.24477165135443 -5.1105399122919986, 120.2447916782854 -5.110573157820817, 120.2447916782854 -5.110657379819348, 120.2447427235653 -5.110717221759018, 120.24467151669973 -5.1107792800608935, 120.24464926455427 -5.110865718399869, 120.24464926455427 -5.110923343952643, 120.24483101935837 -5.111031067522885, 120.2448278330022 -5.1111070825743825, 120.24468927093248 -5.111391953308407, 120.24461310348325 -5.111471958088274, 120.24457911904886 -5.111724284744022, 120.24441336107228 -5.1116776678782765, 120.24443126496256 -5.111505604358933, 120.24436289486293 -5.111435019678344, 120.24428040857065 -5.111319904675747, 120.24417892520734 -5.111297950747116, 120.24407070877152 -5.1113023426519115, 120.24378365609478 -5.1111427642796174, 120.24377547204499 -5.111043519670376, 120.24387264853851 -5.110959164785254, 120.24389303838147 -5.1109413529536, 120.24393596706973 -5.110903851992153, 120.2438714631946 -5.1107343697315715, 120.24382284127468 -5.1105935127805795, 120.24390384549473 -5.110562750110657, 120.24388119466587 -5.110443500248761, 120.24378921913122 -5.110159804956791, 120.24347768909433 -5.110258802807242, 120.24337532922513 -5.110051941609648, 120.2434257674216 -5.109882019861687, 120.24350959852099 -5.109838157039069, 120.24350379087623 -5.109737894178299, 120.24363545837483 -5.109726984273498, 120.24393125385102 -5.109697653238563, 120.24393912108091 -5.109642219584274, 120.24373729745838 -5.109517057346189, 120.24349901056995 -5.109434901190888, 120.24339720736177 -5.109681968438172, 120.24314687386482 -5.109621965620879, 120.24294808803178 -5.109571727857685, 120.24272408310055 -5.109497848787002, 120.24266661541544 -5.109559328070355, 120.2419572152897 -5.109132338148535, 120.24172847791763 -5.109093100799076, 120.24106852347632 -5.108572882100913)",-1,14
"LINESTRING (120.27196762754512 -5.108284755468316, 120.27191902251224 -5.108361526351389, 120.27179605491499 -5.108604722374975, 120.27174739867151 -5.108825008548455, 120.27168016458955 -5.109287609266542, 120.27168418204357 -5.109341284059597)",-1,28
"LINESTRING (120.27352435607166 -5.108900613131582, 120.27260694945502 -5.1085602509303145, 120.27196762754512 -5.108284755468316)",-1,33
"LINESTRING (120.27090261280597 -5.109427791291464, 120.27105030960121 -5.109068865677789, 120.27122324324453 -5.108631219699931, 120.27126723721726 -5.108519883380123, 120.2714325148904 -5.108152241340023, 120.27146192235301 -5.108069759076781)",29,28
"LINESTRING (120.27146192235301 -5.108069759076781, 120.27157158789304 -5.108113530956147, 120.2719506835289 -5.108277429862505, 120.27196762754512 -5.108284755468316)",30,28
"LINESTRING (120.2684496213195 -5.108367825025593, 120.268475468249 -5.108176664070261, 120.26852312954799 -5.107901914927358)",26,24
"LINESTRING (120.27227996337318 -5.107791425166284, 120.27196762754512 -5.108284755468316)",33,30
"LINESTRING (120.26852312954799 -5.107901914927358, 120.26855493756527 -5.107707623222056)",26,24
"LINESTRING (120.27227996337318 -5.107791425166284, 120.27232685029871 -5.1077156466088995, 120.27237196790632 -5.1076997859794675, 120.27271167695201 -5.107842531630145, 120.27307129082448 -5.1079720600634575, 120.27355431462384 -5.108192787027186, 120.27378388362737 -5.108309098210982, 120.27352435607166 -5.108900613131582)",-1,33
"LINESTRING (120.26856493103293 -5.107651112938226, 120.26856107070975 -5.107670160351561, 120.26855493756527 -5.107707623222056)",-1,26
"LINESTRING (120.26855493756527 -5.107707623222056, 120.26856493103293 -5.107651112938226)",-1,24
"LINESTRING (120.27029400545737 -5.107567670812661, 120.27028895884402 -5.107582080466753, 120.2700161038376 -5.108161905675488, 120.26984423297979 -5.108544194711382, 120.26963897586272 -5.109075133628569)",29,24
"LINESTRING (120.27029400545737 -5.107567670812661, 120.27037419302906 -5.10760133971979, 120.27044729698919 -5.10763203437896, 120.27073139824584 -5.107751321885943, 120.27129307367316 -5.108002364832463, 120.27130710017863 -5.108007963370807, 120.27134077299154 -5.108021403534278, 120.27146192235301 -5.108069759076781)",30,29
"LINESTRING (120.26515248719191 -5.107499215069454, 120.26523807794756 -5.1075051628074, 120.26544906911263 -5.107523006020885, 120.26561626965857 -5.1075646401837576, 120.26585711806388 -5.107677647183604, 120.26657966328025 -5.108020633219177, 120.2672713560148 -5.108358662629507, 120.2671489373318 -5.108970932893684, 120.26713178119101 -5.1090567383349255, 120.26698041142603 -5.109623559412555, 120.266453201836 -5.109369766879522, 120.26661274927206 -5.1089252942061, 120.26608618228897 -5.108692538968172, 120.26592416167881 -5.109161152762874, 120.26564685717287 -5.109061843906269, 120.26553311507064 -5.108879925962094, 120.26549106812463 -5.108794951283245, 120.26548795234366 -5.108407025760873, 120.26525426877126 -5.107832895556961, 120.26515248719191 -5.107499215069454)",-1,32
"LINESTRING (120.27036571303617 -5.107362923256685, 120.27029400545737 -5.107567670812661)",30,24
"LINESTRING (120.26856493103293 -5.107651112938226, 120.26950295903096 -5.107936796544153, 120.269539131086 -5.10795473663259, 120.26958418034171 -5.107851677378748, 120.26983350711977 -5.10728129174882, 120.26985270674228 -5.107218720872518)",25,24
"LINESTRING (120.26985270674228 -5.107218720872518, 120.26999272934806 -5.107262352904283, 120.27036571303617 -5.107362923256685)",-1,24
"LINESTRING (120.26856493103293 -5.107651112938226, 120.26859884442787 -5.107483779021103, 120.26868162177338 -5.107075342485932, 120.26870682383426 -5.106967185627707)",26,25
"LINESTRING (120.2684496213195 -5.108367825025593, 120.26839992769953 -5.108349706370661, 120.26831154180138 -5.108315832754394, 120.26821745281633 -5.108292718514183, 120.26816611653301 -5.108309236035933, 120.26805609294517 -5.108404789386854, 120.26804025487228 -5.108468889298721, 120.26801356002488 -5.108578756381619, 120.26797829313618 -5.108571334531196, 120.26783546777868 -5.108541277183652, 120.26785181350736 -5.108484822652557, 120.26735568497125 -5.108326564205588, 120.26755452135282 -5.107515964211172, 120.26769634116081 -5.106910239530003)",-1,26
"LINESTRING (120.26870682383426 -5.106967185627707, 120.26870832820164 -5.106960729502117, 120.26872169396738 -5.1069033691320636)",26,25
"LINESTRING (120.26872169396738 -5.1069033691320636, 120.26913439963329 -5.107017697348735, 120.26968695049631 -5.107170675676785, 120.26985270674228 -5.107218720872518)",-1,25
"LINESTRING (120.27036571303617 -5.107362923256685, 120.27038148819238 -5.107324895784491, 120.2707364309679 -5.107454274889876, 120.27076896584714 -5.107400196238985, 120.27108390444164 -5.106864458942149, 120.2714165362155 -5.107019540837297, 120.27174916798936 -5.107438966683884, 120.27227996337318 -5.107791425166284)",-1,30
"LINESTRING (120.26769634116081 -5.106910239530003, 120.26772314862532 -5.10670148532044, 120.26773572474183 -5.1066194363647215, 120.26841563883868 -5.106820775680519, 120.26872169396738 -5.1069033691320636)",-1,26
"LINESTRING (120.26780097991643 -5.103755970471345, 120.26793701696774 -5.103545196242163, 120.26801622825221 -5.103445054349341, 120.26806756770827 -5.103484005240298, 120.26806729443203 -5.103548558043312, 120.2683307989575 -5.103825109844949, 120.26820954322139 -5.1040799405871455, 120.26812004109205 -5.104268917923592, 120.26802030565142 -5.10450949482457, 120.26796793351866 -5.104714410004683, 120.26789525272332 -5.1049852271819, 120.26782068549386 -5.105363626201041, 120.26779024963781 -5.105793856254491, 120.26771814479393 -5.1066040598109135, 120.26765012563669 -5.106596971253084, 120.26723929414067 -5.106503037381825, 120.26663051558492 -5.10633977625987, 120.26622413659243 -5.106355258995941, 120.26608520489081 -5.106430835585905, 120.2659446542126 -5.106473133923271, 120.26569531284044 -5.106568184674807, 120.26521995845259 -5.106655099130173, 120.26470035727814 -5.106717437506146, 120.26465141603286 -5.106450406525174, 120.26476262550374 -5.106421981046581, 120.26475778069474 -5.1061965971757255, 120.26475442175513 -5.106049390345, 120.26475442175682 -5.105967363456075, 120.26473837349782 -5.105849709843356, 120.26499480691473 -5.105769034911909, 120.26501784728185 -5.105921766536679, 120.2652790688202 -5.105873532725778, 120.2653407753027 -5.106205068423784, 120.26538926132795 -5.106220016441097, 120.26573523210034 -5.106209979613195, 120.2660912796914 -5.1060460447348115, 120.26691416381108 -5.106026583360788, 120.26700568095632 -5.105459256447074, 120.26733967021896 -5.10549355799099, 120.26733959908627 -5.105479518702237, 120.26734490422615 -5.105413383940747, 120.2673653208095 -5.105197638767909, 120.2673945482323 -5.104530481528145, 120.26752554687437 -5.10451375343741, 120.26761959718138 -5.104527135910051, 120.26763303293957 -5.1044267673587145, 120.26765654551635 -5.104349818125507, 120.26768341703264 -5.104239412687737, 120.26778082627918 -5.104169154671976, 120.26792861961897 -5.103980127115258, 120.26794373484688 -5.103874740046142, 120.26780097991643 -5.103755970471345)",-1,27
