WKT,Provinsi,Kode_Prov,Kab_Kota,Kode_Kab,KECAMATAN,Kode_Kec,KELURAHAN,Kode_Kel,KODE_RT_RW,LUAS_KUMUH,skor_kumuh,SUMBR_DATA,SK_KUMUH,Kawasan
"POLYGON ((120.26422152592932 -5.120612765541234, 120.26412956269985 -5.120922811330089, 120.26407412535721 -5.120907967857372, 120.2637810152767 -5.120829486897203, 120.26364276385519 -5.120772980670434, 120.26343525039931 -5.120688165551307, 120.26343440987824 -5.120687822012502, 120.26366704133645 -5.12033576835011, 120.26369225661409 -5.120297608676145, 120.26370598254815 -5.120262224528719, 120.2638218380741 -5.1200434212383765, 120.26396547842104 -5.119629218064358, 120.26403929914844 -5.11935612930501, 120.26418417563828 -5.119401516479701, 120.26450960573301 -5.11950346770027, 120.26417075452372 -5.120596323003547, 120.26422152592932 -5.120612765541234))",Sulawesi Selatan,73,Sinjai,07,Sinjai Utara,05,Balangnipa,1003,1003-RT01_RW01 TOKINJONG,0.989344309662,39.0,Hasil Verifikasi Pendataan Tahun 2024,,Kawasan Benteng Balangnipa
"POLYGON ((120.26010839889284 -5.1193813273071695, 120.26024241049645 -5.118957520610746, 120.26027105368878 -5.11889796194962, 120.2607084251543 -5.1189973818248715, 120.2612744234985 -5.1191289114985326, 120.26142878399176 -5.119165435206712, 120.26137162579171 -5.119485089468504, 120.26133106603172 -5.119602546847956, 120.26125016019917 -5.1197872541512615, 120.26117225002756 -5.119940414717455, 120.26107556994486 -5.120133661567252, 120.26099336150995 -5.120288238188561, 120.26094129503824 -5.12041999144976, 120.26092381532358 -5.120493077313162, 120.26086466372215 -5.120472241053847, 120.26052515061438 -5.120375173972358, 120.26000786820141 -5.120226637500673, 120.25984402872368 -5.120181688433667, 120.2599797148497 -5.119770909214607, 120.26010839889284 -5.1193813273071695))",Sulawesi Selatan,73,Sinjai,07,Sinjai Utara,05,Balangnipa,1003,1003-RT01_RW02 TOKINJONG,2.01190159405,31.0,Hasil Verifikasi Pendataan Tahun 2024,,Kawasan Benteng Balangnipa
"POLYGON ((120.25862198268622 -5.NA1193012874843085, 120.25868189509852 -5.119117009407591, 120.25896313054042 -5.11921145256264, 120.25897388593428 -5.1191768155475526, 120.25899649443684 -5.119104006376985, 120.25954250502328 -5.119225410182317, 120.25955668956543 -5.119254161366848, 120.2599483342243 -5.1193404752993, 120.26010839889284 -5.1193813273071695, 120.25982784319382 -5.120230688800794, 120.25959680688935 -5.120891720452244, 120.2593769539253 -5.121598416187287, 120.25932513398627 -5.121585436450865, 120.25870429912713 -5.121371006449616, 120.25860166110611 -5.121440820876523, 120.25793466897954 -5.121115576259642, 120.25811532161461 -5.120689166816586, 120.25844085585166 -5.119838456735349, 120.25862198268622 -5.1193012874843085))",Sulawesi Selatan,73,Sinjai,07,Sinjai Utara,05,Balangnipa,1003,1003-RT01_RW03 TOKINJONG,4.0890010659,46.0,Hasil Verifikasi Pendataan Tahun 2024,,Kawasan Benteng Balangnipa
"POLYGON ((120.26288915377117 -5.120632229818605, 120.26264996728408 -5.120524812445716, 120.26261550440026 -5.120498365352308, 120.26260739787841 -5.120442145083139, 120.26259517871361 -5.120231695724655, 120.26260221639676 -5.120111072032665, 120.26265252683449 -5.120084815501979, 120.26275460053081 -5.120031544204338, 120.26277501094646 -5.119998159255887, 120.26273728675838 -5.119897581067701, 120.26266859502103 -5.119789697773493, 120.26257159491765 -5.11960996710095, 120.26246136837605 -5.119456479489532, 120.2623533533833 -5.11934364623048, 120.26226669686486 -5.1192548131033355, 120.2622098258218 -5.119170889159309, 120.26218676581944 -5.119148732871523, 120.2622328106868 -5.119122811359692, 120.26239817164844 -5.119029719362149, 120.26296064779326 -5.118713065812631, 120.26352259251378 -5.118421740583217, 120.26350106671401 -5.11837441217, 120.26373405521214 -5.118257059827755, 120.26382141112137 -5.118461853386049, 120.26393107888742 -5.118746836781816, 120.26403257390093 -5.118991140327956, 120.2640642050113 -5.119122773895947, 120.26407328534906 -5.119230402265862, 120.26396547842104 -5.119629218064374, 120.2638218380741 -5.1200434212383765, 120.26366704134087 -5.120335768343345, 120.2634075873628 -5.120730222268183, 120.26332582426369 -5.1208409088288205, 120.26328244924274 -5.1208201804995275, 120.26288915377117 -5.120632229818605))",Sulawesi Selatan,73,Sinjai,07,Sinjai Utara,05,Balangnipa,1003,1003-RT02_RW01 TOKINJONG,3.4086888315,42.0,Hasil Verifikasi Pendataan Tahun 2024,,Kawasan Benteng Balangnipa
"POLYGON ((120.25641163867577 -5.110084302337182, 120.25685493722331 -5.1099930230956065, 120.25684269277802 -5.10996679248607, 120.25694117108651 -5.109957750819995, 120.2570797815072 -5.110332753450762, 120.2572461014326 -5.110920183590763, 120.25745104910158 -5.111507779146211, 120.25770523944975 -5.112290680281936, 120.25771299447936 -5.112432695661382, 120.25756161681275 -5.112392872863042, 120.25736244543991 -5.112352810182772, 120.25725556601739 -5.112365741551627, 120.25691781283427 -5.112389192237096, 120.25691393894867 -5.112389192236248, 120.25686082591594 -5.112111576432531, 120.2567412475021 -5.111522911793656, 120.25664634744213 -5.111074457536325, 120.2564871686798 -5.1103780346636, 120.25641163867577 -5.110084302337182))",Sulawesi Selatan,73,Sinjai,07,Sinjai Utara,05,Balangnipa,1003,1003-RT02_RW01 ULUSALO,1.97397479904,38.0,Hasil Verifikasi Pendataan Tahun 2024,,Kawasan Benteng Balangnipa
"POLYGON ((120.25861264697228 -5.122610208730239, 120.25831857793195 -5.1225121179271085, 120.25830321652457 -5.1224797753622155, 120.25833571780453 -5.12240699324651, 120.25839935988571 -5.122300872478884, 120.25842476380362 -5.122214910151437, 120.2582477377638 -5.12206950379707, 120.25811115088196 -5.121946984035221, 120.25803291719112 -5.121840255070682, 120.25793575053554 -5.121699972810561, 120.25788259454998 -5.121583787900257, 120.25777585646885 -5.1214764622038675, 120.25793466897954 -5.121115576259642, 120.25860166110611 -5.121440820876523, 120.25870429912713 -5.121371006449616, 120.25932513398627 -5.121585436450865, 120.25937695392527 -5.121598416187287, 120.25901576115655 -5.122758830640824, 120.25897149313852 -5.122735047811134, 120.25861264697228 -5.122610208730239))",Sulawesi Selatan,73,Sinjai,07,Sinjai Utara,05,Balangnipa,1003,1003-RT02_RW03 Tokinjong,1.71157903765,48.0,Hasil Verifikasi Pendataan Tahun 2024,,Kawasan Benteng Balangnipa
"POLYGON ((120.2619829886786 -5.121632502246258, 120.2622271856871 -5.121068238133819, 120.26225492594813 -5.120991116910317, 120.26236533738678 -5.121036627513866, 120.26277077974615 -5.121203747035967, 120.26305429106833 -5.1213228676431, 120.26323847084487 -5.121412596305822, 120.26335441125069 -5.121400181614848, 120.2636029292374 -5.121500227156281, 120.26378275611548 -5.121604282375521, 120.2637372694673 -5.121870909777523, 120.26366221621767 -5.121857837249915, 120.26358573236986 -5.121907716000878, 120.26342539821438 -5.121865271890607, 120.26337615867669 -5.1221401230911, 120.26309533301824 -5.122100556376574, 120.26306020058762 -5.122235508416755, 120.26299946049582 -5.1224401287432455, 120.26317093529043 -5.122489636482034, 120.26296768778045 -5.122845963586181, 120.26291118252286 -5.122821431370414, 120.26288867601019 -5.122862664822814, 120.26286273455709 -5.12296601452362, 120.26278058155047 -5.122931515252474, 120.26274145903439 -5.123052832825843, 120.26280218147816 -5.123074779278863, 120.26271442872375 -5.123342397305857, 120.2627480488166 -5.123355714573272, 120.2626991195426 -5.1237586067824985, 120.2626433944234 -5.1238205739989, 120.26263062429285 -5.123913376199759, 120.26257831343828 -5.123984627725391, 120.26252944293654 -5.1240301827169965, 120.2624918295083 -5.124056100527304, 120.26227001667971 -5.123936149744025, 120.2622208263648 -5.124058245252365, 120.26201458423154 -5.123912038884628, 120.26184527947905 -5.123688962510103, 120.2617646842454 -5.123384539996187, 120.26190547886948 -5.123224202893088, 120.2619912191676 -5.123133818394695, 120.26201084640772 -5.123110123561916, 120.26203420784088 -5.122999765185879, 120.26200624535429 -5.122794176230529, 120.26210010382908 -5.1226442851712894, 120.26214082889867 -5.122488096314115, 120.26214014346331 -5.122313081341106, 120.26211243560684 -5.122205499748196, 120.26212264590187 -5.1221857154032815, 120.26215372820299 -5.122146734605802, 120.26220180443164 -5.122109980818506, 120.26226568811609 -5.122061142376399, 120.26228351954879 -5.121793440688357, 120.2619829886786 -5.121632502246258))",Sulawesi Selatan,73,Sinjai,07,Sinjai Utara,05,Balangnipa,1003,1003-RT03_RW01 TOKINJONG,3.55457411876,41.0,Hasil Verifikasi Pendataan Tahun 2024,,Kawasan Benteng Balangnipa
"POLYGON ((120.2560457594943 -5.108787135999623, 120.2563606843793 -5.108685083614853, 120.25653951306093 -5.109317306772138, 120.25685493722331 -5.1099930230956065, 120.25641163867579 -5.110084302337182, 120.25631653246525 -5.109684431926186, 120.25623214878544 -5.109342177249918, 120.25611450542304 -5.108971089912025, 120.2560457594943 -5.108787135999623))",Sulawesi Selatan,73,Sinjai,07,Sinjai Utara,05,Balangnipa,1003,1003-RT03_RW01 ULUSALO,0.58232364501,40.0,Hasil Verifikasi Pendataan Tahun 2024,,Kawasan Benteng Balangnipa
"POLYGON ((120.26265907306536 -5.121157702622054, 120.26222107477308 -5.120977163755831, 120.26146231438219 -5.120666913876619, 120.26195949247708 -5.119264323940147, 120.26212577510975 -5.119183068314662, 120.26218676581942 -5.119148732871523, 120.2622098258218 -5.119170889159309, 120.26226669686486 -5.1192548131033355, 120.2623533533833 -5.11934364623048, 120.26246136837605 -5.119456479489532, 120.26257159491765 -5.11960996710095, 120.26266859502103 -5.119789697773493, 120.26273728675838 -5.119897581067701, 120.26277501094646 -5.119998159255887, 120.26275460053081 -5.120031544204338, 120.26260221639676 -5.120111072032648, 120.26259517871361 -5.120231695724655, 120.26260739787841 -5.120442145083139, 120.26261550440026 -5.120498365352308, 120.26264996728408 -5.120524812445716, 120.26288915377117 -5.120632229818605, 120.26332582426369 -5.1208409088288205, 120.26329918704864 -5.120903993730356, 120.26308599699581 -5.12124354251495, 120.26302762047499 -5.121289197571525, 120.26300648058535 -5.121302779517546, 120.26299918433467 -5.121299713913385, 120.26296009225888 -5.1212832889237285, 120.26286861739594 -5.12124485468752, 120.26277077974615 -5.121203747035967, 120.26265907306536 -5.121157702622054))",Sulawesi Selatan,73,Sinjai,07,Sinjai Utara,05,Balangnipa,1003,1003-RT03_RW02 TOKINJONG,2.30709912792,43.0,Hasil Verifikasi Pendataan Tahun 2024,,Kawasan Benteng Balangnipa
"POLYGON ((120.25274774746975 -5.126825027795548, 120.25493068294209 -5.127662793263575, 120.25455017125424 -5.128424095057035, 120.2540561736244 -5.128168111585862, 120.25376244530395 -5.128045106504763, 120.25365897282747 -5.128078351123619, 120.25291130073906 -5.127765851638097, 120.2524617531672 -5.127591814873581, 120.25274774746975 -5.126825027795548))",Sulawesi Selatan,73,Sinjai,07,Sinjai Utara,05,Biringere,1001,1001-RT02_RW01 LOMPU,2.30211131848,46.0,Hasil Verifikasi Pendataan Tahun 2024,,Daerah Kumuh Mangottong
"POLYGON ((120.25649111464438 -5.125696369802338, 120.25697342989783 -5.125965652155665, 120.25693003821414 -5.126086995401228, 120.2571953950491 -5.126243245573899, 120.25725046910915 -5.1263645887667275, 120.25749913683498 -5.126529150046194, 120.25750414356772 -5.126859934711992, 120.25740234000206 -5.126886530456567, 120.25663464098275 -5.126921437369655, 120.2561322987984 -5.126692049048741, 120.25614731899661 -5.126579017092209, 120.25631587899868 -5.126028817135688, 120.25649111464438 -5.125696369802338))",Sulawesi Selatan,73,Sinjai,07,Sinjai Utara,05,Biringere,1001,1001-RT01_RW01 MATTOANGING,1.30032554706,36.0,Hasil Verifikasi Pendataan Tahun 2024,,Daerah Kumuh Mangottong
"POLYGON ((120.24153325624142 -5.136201163685208, 120.24126734981509 -5.136290837567971, 120.24140424074949 -5.1366189737602665, 120.24153267389153 -5.136696035933177, 120.24169442171062 -5.136629800415445, 120.24178467169176 -5.136869829785228, 120.24224696001427 -5.136781732755629, 120.2424071754618 -5.137089241202236, 120.24234542575806 -5.137275408405904, 120.24233040555985 -5.137481522032274, 120.2424796973267 -5.138019308992202, 120.2406181029646 -5.138241981004438, 120.24054467088449 -5.138241981004431, 120.24051963722081 -5.137472379897045, 120.24088345979956 -5.137435811354768, 120.24133072792385 -5.137366829780689, 120.24112545188167 -5.136143444479363, 120.24148092990588 -5.136061996189787, 120.24153325624142 -5.136201163685208))",Sulawesi Selatan,73,Sinjai,07,Sinjai Utara,05,Biringere,1001,1001-RT01_RW03 BIRINGERE,2.67435528486,43.0,Hasil Verifikasi Pendataan Tahun 2024,,Daerah Kumuh Mangottong
"POLYGON ((120.24678208385787 -5.135417724413573, 120.24705342343954 -5.134881825928247, 120.24730376007626 -5.134323322057031, 120.24785674270562 -5.134526907072239, 120.24759248166396 -5.135077967052656, 120.24739054344367 -5.134976572072145, 120.24711016641054 -5.135541724216994, 120.24730376007626 -5.135707945340722, 120.2472086321543 -5.135932343789017, 120.24695495769576 -5.135781082621428, 120.24678208385787 -5.135417724413573))",Sulawesi Selatan,73,Sinjai,07,Sinjai Utara,05,Biringere,1001,1001-RT03_RW01 BIRINGERE,0.83587744072,42.0,Hasil Verifikasi Pendataan Tahun 2024,,Daerah Kumuh Mangottong
"POLYGON ((120.2525613857513 -5.118789183246857, 120.25273643596248 -5.11873303596229, 120.25287648786892 -5.118507121218175, 120.25292532647505 -5.118433074631396, 120.2529747930362 -5.118358075939891, 120.25300976481073 -5.118414718320269, 120.25303798941354 -5.118502392306526, 120.25320847655554 -5.118562608905211, 120.25391630542545 -5.118820634967618, 120.2539532102533 -5.118834087924798, 120.25389822027121 -5.119011703079004, 120.25385569068457 -5.119143495971731, 120.25355499568359 -5.119425283100307, 120.2533370243048 -5.119990502587646, 120.25325565269053 -5.119956454625198, 120.25248414132191 -5.119656897187853, 120.25245012502388 -5.1193299699984145, 120.2525613857513 -5.118789183246857))",Sulawesi Selatan,73,Sinjai,07,Sinjai Utara,05,Bongki,1005,1005-RT01_RW02 PARUNTU,1.77134188814,39.0,Hasil Verifikasi Pendataan Tahun 2024,,Daerah Kumuh Paruntu
"POLYGON ((120.2410685234763 -5.108572882100929, 120.24123467282924 -5.10837045311135, 120.24130235078844 -5.108286512654012, 120.24170308607674 -5.108529710821736, 120.24199679547698 -5.108709091414388, 120.24218590917266 -5.108813906175644, 120.2424583179536 -5.108956137111761, 120.24277518064785 -5.109018466118432, 120.24301832684105 -5.109033856693449, 120.24324953581619 -5.1090527821146265, 120.243552005605 -5.109135371047459, 120.24389601326132 -5.109262368967204, 120.24416604366694 -5.109403393833485, 120.2444453920557 -5.109595861768552, 120.24504015173709 -5.109911618112923, 120.24494007512729 -5.110174180586512, 120.24488934296424 -5.110183719023542, 120.2448161556454 -5.110322708128049, 120.2447761017835 -5.110409146528637, 120.24476497571075 -5.110475637598094, 120.2447716513544 -5.110539912292001, 120.24479167828535 -5.110573157820813, 120.24479167828535 -5.110657379819356, 120.24474272356527 -5.110717221759004, 120.24467151669973 -5.110779280060851, 120.24464926455423 -5.110865718399864, 120.24464926455423 -5.110923343952668, 120.2448310193584 -5.111031067522898, 120.24482783300218 -5.111107082574407, 120.24468927093244 -5.111391953308366, 120.24461310348323 -5.111471958088243, 120.24457911904884 -5.1117242847440645, 120.24441336107226 -5.1116776678782445, 120.24443126496251 -5.111505604358953, 120.2443628948629 -5.111435019678386, 120.24428040857067 -5.111319904675713, 120.24417892520736 -5.111297950747092, 120.24407070877156 -5.11130234265191, 120.24378365609476 -5.111142764279578, 120.24377547204494 -5.111043519670363, 120.24387264853853 -5.110959164785251, 120.24389303838146 -5.110941352953608, 120.24393596706972 -5.110903851992145, 120.24387146319457 -5.110734369731556, 120.24382284127465 -5.110593512780591, 120.24390384549473 -5.11056275011064, 120.24388119466587 -5.11044350024872, 120.2437892191312 -5.110159804956747, 120.24347768909438 -5.110258802807259, 120.24337532922517 -5.110051941609662, 120.2434257674216 -5.109882019861656, 120.24350959852096 -5.109838157039051, 120.2435037908762 -5.109737894178327, 120.24363545837483 -5.109726984273491, 120.24393125385103 -5.109697653238588, 120.24393912108091 -5.109642219584311, 120.24373729745842 -5.109517057346222, 120.24349901056996 -5.10943490119088, 120.24339720736175 -5.109681968438133, 120.24314687386483 -5.1096219656208905, 120.2429480880318 -5.109571727857709, 120.24272408310053 -5.109497848787004, 120.24266661541543 -5.109559328070361, 120.24195721528972 -5.109132338148564, 120.24172847791762 -5.109093100799053, 120.2410685234763 -5.108572882100929))",Sulawesi Selatan,73,Sinjai,07,Sinjai Utara,05,Bongki,1005,1005-RT02_RW01 Popanda,4.04712422277,35.0,Hasil Verifikasi Pendataan Tahun 2024,,Daerah Kumuh Paruntu
"POLYGON ((120.25361205916278 -5.1178623849441705, 120.25424821921233 -5.118090811321625, 120.25504993766647 -5.118413669126685, 120.25473966263489 -5.119152548697214, 120.25464842679393 -5.1191109830330985, 120.25398365988235 -5.11884518775966, 120.25320847655554 -5.118562608905211, 120.25303798941354 -5.118502392306526, 120.25300976481073 -5.118414718320269, 120.25287359842272 -5.118194175049728, 120.25265986122996 -5.117991230271641, 120.25241864698039 -5.117801317255826, 120.25238687557491 -5.117703155788806, 120.25238546584602 -5.117621084534507, 120.252384828407 -5.117568302734468, 120.25260209324036 -5.117615139715303, 120.25325183365509 -5.117790069848318, 120.25361205916278 -5.1178623849441705))",Sulawesi Selatan,73,Sinjai,07,Sinjai Utara,05,Bongki,1005,1005-RT02_RW02 PARUNTU,2.24797112276,25.0,Hasil Verifikasi Pendataan Tahun 2024,,Daerah Kumuh Paruntu
"POLYGON ((120.25222166966347 -5.114925352035353, 120.25242056697606 -5.114784004735758, 120.25264127163825 -5.115018821901066, 120.25313131267151 -5.115514396881353, 120.25327598236143 -5.115690491884954, 120.25346645168277 -5.115902490638589, 120.2535268267868 -5.116033953190289, 120.25356694501933 -5.11635545661337, 120.25356832514389 -5.11670261514523, 120.2534974593381 -5.11667626887865, 120.25298862694464 -5.116439858445362, 120.25265039433323 -5.116135479883899, 120.2525446541864 -5.115811932606842, 120.2523864693662 -5.115666368003732, 120.25213115904761 -5.115483089291234, 120.2518641805202 -5.11528388801447, 120.25193832567761 -5.115142554638166, 120.25222166966347 -5.114925352035353))",Sulawesi Selatan,73,Sinjai,07,Sinjai Utara,05,Bongki,1005,1005-RT04_RW02 PARUNTU,1.6752873601,27.0,Hasil Verifikasi Pendataan Tahun 2024,,Daerah Kumuh Paruntu
"POLYGON ((120.2525292045234 -5.114589660616503, 120.25259364391594 -5.114392830074413, 120.25262548092178 -5.114314089071866, 120.25288627153114 -5.114442401213921, 120.25334217754616 -5.114667184376602, 120.25390186984164 -5.114933535175839, 120.25423016698878 -5.115111866374356, 120.25455749837401 -5.115293062392267, 120.25453352287704 -5.115371080300946, 120.2545024889285 -5.115443928920551, 120.25455249148219 -5.115469185418679, 120.25423326361556 -5.116306877538247, 120.25359235703945 -5.116042627463256, 120.25351703286165 -5.115958789169382, 120.25346645168277 -5.115902490638589, 120.25327598236143 -5.115690491884954, 120.25313131267151 -5.115514396881353, 120.25297833304987 -5.115359689766901, 120.25273552850341 -5.115114143249603, 120.25264127163825 -5.115018821901066, 120.25250034101738 -5.114868879781215, 120.25249786638808 -5.114848809465357, 120.25250002886938 -5.114830926976674, 120.2525292045234 -5.114589660616503))",Sulawesi Selatan,73,Sinjai,07,Sinjai Utara,05,Balangnipa,1003,1003-RT05_RW02 PARUNTU,2.43527212398,23.0,Hasil Verifikasi Pendataan Tahun 2024,,Daerah Kumuh Paruntu
"POLYGON ((120.2693883538621 -5.109578596302286, 120.2688139101208 -5.111305113278155, 120.2678049686569 -5.111016138504155, 120.26780622631796 -5.110985713911329, 120.26773279423784 -5.11080203246144, 120.26765101760314 -5.110717256389879, 120.26756506869124 -5.110610870715577, 120.2675258492848 -5.1104994981938505, 120.26751945879614 -5.110437352168267, 120.26755255185941 -5.110285895616681, 120.26766353443499 -5.110175354177205, 120.26777618592155 -5.110167042789996, 120.26806924492121 -5.11010680875901, 120.26809745127198 -5.109930168209513, 120.26811580929201 -5.109660879106374, 120.26811580929201 -5.109494651208439, 120.26812999503473 -5.109288528555103, 120.2693883538621 -5.109578596302286))",Sulawesi Selatan,73,Sinjai,07,Sinjai Utara,05,Lappa,1004,1004-RT02_RW02 KOKOE,2.77619458665,16.0,Hasil Verifikasi Pendataan Tahun 2024,,Kawasan Minapolitan Lappa
"POLYGON ((120.2688139101208 -5.111305113278155, 120.26872579623019 -5.111632338686927, 120.26837198711695 -5.111502681329231, 120.26831691305685 -5.11167389552679, 120.26833026434417 -5.111856745590146, 120.26833026434417 -5.111856745590146, 120.26831858196778 -5.111993051967051, 120.26814668414387 -5.1125399394558775, 120.2680014888946 -5.112493395857991, 120.26804488057826 -5.112199173750206, 120.26788132730897 -5.112175901939299, 120.26790719542808 -5.1117254260044795, 120.26779287503064 -5.111714205658891, 120.26780664354565 -5.111577483654197, 120.26797854136956 -5.111590366275939, 120.26802109859781 -5.111320662302042, 120.26780497463479 -5.111276612027415, 120.2678049686569 -5.111016138504155, 120.2688139101208 -5.111305113278155))",Sulawesi Selatan,73,Sinjai,07,Sinjai Utara,05,Lappa,1004,1004-RT03_RW02 KOKOE,0.835412626033,17.0,Hasil Verifikasi Pendataan Tahun 2024,,Kawasan Minapolitan Lappa
"POLYGON ((120.27012683561277 -5.111713692439475, 120.27069617586453 -5.109860238104652, 120.27114291482307 -5.1099505690358695, 120.27061220237607 -5.11184584285961, 120.27012683561277 -5.111713692439475))",Sulawesi Selatan,73,Sinjai,07,Sinjai Utara,05,Lappa,1004,1004-RT02_RW01 KOKOE,1.14780566972,21.0,Hasil Verifikasi Pendataan Tahun 2024,,Kawasan Minapolitan Lappa
"POLYGON ((120.27061220237607 -5.11184584285961, 120.27114291482307 -5.1099505690358695, 120.2716120458486 -5.110011028005673, 120.27159496614655 -5.110095595751865, 120.27154658108459 -5.110167871424808, 120.27148465495647 -5.110530902112839, 120.27165450947932 -5.110567910084041, 120.2714804882467 -5.110902388629707, 120.27135452801402 -5.110909079799355, 120.27127559293483 -5.111452737099367, 120.27122520884177 -5.111584887573348, 120.27123864459989 -5.111655144776258, 120.27123024725108 -5.111713692439467, 120.27117986315801 -5.111805695899416, 120.2710505439858 -5.1120231585703895, 120.27096657049732 -5.111969629304386, 120.27061220237607 -5.11184584285961))",Sulawesi Selatan,73,Sinjai,07,Sinjai Utara,05,Lappa,1004,1004-RT03_RW01 KOKOE,1.29176219998,27.0,Hasil Verifikasi Pendataan Tahun 2024,,Kawasan Minapolitan Lappa
"POLYGON ((120.26946751128628 -5.109577019055535, 120.26963897586279 -5.109075133628541, 120.27008084096292 -5.109197944918502, 120.27085242895356 -5.109430755405134, 120.27069617586453 -5.109860238104635, 120.26946751128628 -5.109577019055535))",Sulawesi Selatan,73,Sinjai,07,Sinjai Utara,05,Lappa,1004,1004-RT01_RW03 KOKOE,0.767495529312,17.0,Hasil Verifikasi Pendataan Tahun 2024,,Kawasan Minapolitan Lappa
"POLYGON ((120.27087689424198 -5.109418899695212, 120.270902612806 -5.109427791291488, 120.27102262953456 -5.109439694935952, 120.2711785772755 -5.10941106275747, 120.27127462742685 -5.109393427820897, 120.2714054808539 -5.109376767827974, 120.27143402771186 -5.109373133296015, 120.27145342994953 -5.109370663039013, 120.27150885610894 -5.109363606279359, 120.27168418204354 -5.109341284059629, 120.27167740607713 -5.109380563918511, 120.2716120458486 -5.110011028005673, 120.27114291482307 -5.1099505690358695, 120.27069617586453 -5.109860238104635, 120.27085242895356 -5.109430755405134, 120.27087689424198 -5.109418899695212))",Sulawesi Selatan,73,Sinjai,07,Sinjai Utara,05,Lappa,1004,1004-RT01_RW01 KOKOE,0.592976324451,17.0,Hasil Verifikasi Pendataan Tahun 2024,,Kawasan Minapolitan Lappa
"POLYGON ((120.26852312954797 -5.107901914927337, 120.26855493756793 -5.1077076232225265, 120.26856493103567 -5.107651112938769, 120.26950295903093 -5.1079367965441485, 120.269539131086 -5.107954736632552, 120.26983350711977 -5.107281291748803, 120.26985270674227 -5.107218720872553, 120.26999272934808 -5.107262352904318, 120.2703657130362 -5.107362923256669, 120.27028895884398 -5.107582080466781, 120.27001610383763 -5.108161905675498, 120.26984423297979 -5.108544194711358, 120.2696388329218 -5.109075503373668, 120.26959502339002 -5.109062917530899, 120.26954290437838 -5.109062492001508, 120.26929993445262 -5.10900407591502, 120.2690843249064 -5.108960121626974, 120.26891516135214 -5.108928319558458, 120.26887707615847 -5.108912616560539, 120.26887863302248 -5.10882655119053, 120.26890300410702 -5.108702328767871, 120.26892598544893 -5.108624722756049, 120.26885080402883 -5.108572120014824, 120.2685951816332 -5.108473883220474, 120.26844964724694 -5.108419486843865, 120.26844962131952 -5.108367825025578, 120.268475468249 -5.10817666407029, 120.26852312954797 -5.107901914927337))",Sulawesi Selatan,73,Sinjai,07,Sinjai Utara,05,Lappa,1004,1004-RT03_RW01 LAPPAE,2.21669711086,17.0,Hasil Verifikasi Pendataan Tahun 2024,,Kawasan Minapolitan Lappa
"POLYGON ((120.26870682383775 -5.1069671856285135, 120.26870832820495 -5.106960729502899, 120.26872169396736 -5.106903369132068, 120.26913439963332 -5.107017697348691, 120.26968695049635 -5.107170675676784, 120.26985270674227 -5.107218720872553, 120.26983350711977 -5.107281291748803, 120.26958418038267 -5.107851677396559, 120.269539131086 -5.107954736632552, 120.26950295903093 -5.107936796544114, 120.26856493103567 -5.107651112938786, 120.26859884445925 -5.1074837790275085, 120.2686816217734 -5.107075342485901, 120.26870682383775 -5.1069671856285135))",Sulawesi Selatan,73,Sinjai,07,Sinjai Utara,05,Lappa,1004,1004-RT02_RW01 LAPPAE,1.05076546356,17.0,Hasil Verifikasi Pendataan Tahun 2024,,Kawasan Minapolitan Lappa
"POLYGON ((120.2676963411608 -5.106910239529969, 120.26772314862531 -5.106701485320477, 120.26773572474183 -5.106619436364716, 120.26841563883872 -5.106820775680509, 120.26872169396736 -5.106903369132068, 120.2686816217734 -5.107075342485901, 120.2685610707098 -5.107670160351591, 120.26852312954797 -5.107901914927337, 120.268475468249 -5.10817666407029, 120.26844962131952 -5.108367825025578, 120.26839992769949 -5.108349706370696, 120.26831154180137 -5.10831583275441, 120.26821745281636 -5.108292718514155, 120.26816611653302 -5.1083092360359, 120.26805609294514 -5.10840478938685, 120.26804025487228 -5.108468889298693, 120.2680135600249 -5.108578756381652, 120.2679782931362 -5.108571334531154, 120.26783546777867 -5.108541277183654, 120.26785181350733 -5.108484822652554, 120.26735568497125 -5.108326564205556, 120.26755452135285 -5.107515964211154, 120.2676963411608 -5.106910239529969))",Sulawesi Selatan,73,Sinjai,07,Sinjai Utara,05,Lappa,1004,1004-RT01_RW01 LAPPAE,2.11625997938,17.0,Hasil Verifikasi Pendataan Tahun 2024,,Kawasan Minapolitan Lappa
"POLYGON ((120.26780097991646 -5.10375597047133, 120.26793701696778 -5.103545196242126, 120.26801622825224 -5.103445054349316, 120.26806756770826 -5.1034840052403165, 120.26806729443206 -5.10354855804328, 120.2683307989575 -5.103825109844991, 120.2682095432214 -5.104079940587138, 120.26812004109205 -5.104268917923597, 120.26802030565143 -5.10450949482457, 120.26796793351865 -5.1047144100047035, 120.2678952527233 -5.104985227181924, 120.26782068549386 -5.10536362620106, 120.2677902496378 -5.105793856254481, 120.26771814479389 -5.106604059810909, 120.26765012563669 -5.106596971253124, 120.26723929414065 -5.106503037381816, 120.2666305155849 -5.106339776259892, 120.26622413659238 -5.106355258995922, 120.26608520489086 -5.106430835585867, 120.2659446542126 -5.106473133923281, 120.26569531284045 -5.106568184674826, 120.26521995845255 -5.106655099130165, 120.26470035727817 -5.106717437506135, 120.26465141603285 -5.106450406525182, 120.2647626255037 -5.106421981046597, 120.26475778069471 -5.106196597175681, 120.26475442175516 -5.10604939034504, 120.2647544217568 -5.1059673634561, 120.26473837349786 -5.105849709843378, 120.26499480691474 -5.105769034911872, 120.26501784728184 -5.105921766536671, 120.26527906882023 -5.105873532725771, 120.26534077530269 -5.106205068423815, 120.26538926132793 -5.106220016441085, 120.26573523210037 -5.106209979613187, 120.2660912796914 -5.106046044734814, 120.26691416381104 -5.106026583360824, 120.26700568095632 -5.105459256447098, 120.26733967021899 -5.1054935579909895, 120.26733959908628 -5.10547951870223, 120.26734490422615 -5.105413383940759, 120.26736532080946 -5.105197638767888, 120.26739454823233 -5.104530481528105, 120.26752554687432 -5.104513753437397, 120.26761959718141 -5.104527135910013, 120.26763303293956 -5.10442676735873, 120.26765654551632 -5.1043498181254865, 120.26768341703264 -5.104239412687732, 120.26778082627922 -5.10416915467199, 120.26792861961897 -5.103980127115215, 120.26794373484691 -5.103874740046135, 120.26780097991646 -5.10375597047133))",Sulawesi Selatan,73,Sinjai,07,Sinjai Utara,05,Lappa,1004,1004-RT02_RW03 LAPPAE,3.42593212746,17.0,Hasil Verifikasi Pendataan Tahun 2024,,Kawasan Minapolitan Lappa
"POLYGON ((120.270902612806 -5.109427791291488, 120.27105030960125 -5.1090688656778225, 120.27126723721724 -5.10851988338015, 120.27143251489039 -5.108152241340036, 120.27146192235033 -5.1080697590834685, 120.27157158789306 -5.108113530956114, 120.27195068352744 -5.1082774298660105, 120.27196762754515 -5.108284755468354, 120.27191902251228 -5.108361526351371, 120.271796054915 -5.108604722374939, 120.2717473986715 -5.10882500854849, 120.27168016458953 -5.109287609266557, 120.27168418204351 -5.109341284059628, 120.271508816076 -5.109363611376294, 120.27127462742685 -5.109393427820897, 120.2711785772755 -5.10941106275747, 120.27102262953456 -5.109439694935952, 120.270902612806 -5.109427791291488))",Sulawesi Selatan,73,Sinjai,07,Sinjai Utara,05,Lappa,1004,1004-RT01_RW03 LENGKONG,0.933563901866,21.0,Hasil Verifikasi Pendataan Tahun 2024,,Kawasan Minapolitan Lappa
"POLYGON ((120.26977660285705 -5.109115082657276, 120.26977720661459 -5.109113553298631, 120.26963897586279 -5.109075133628541, 120.26984423297979 -5.108544194711358, 120.27001610383763 -5.108161905675498, 120.27028895884398 -5.107582080466781, 120.27029400545868 -5.10756767081316, 120.27037419302329 -5.107601339733537, 120.27044729698036 -5.107632034399963, 120.27073139824587 -5.107751321885976, 120.27129307367315 -5.10800236483249, 120.2713071001779 -5.108007963372564, 120.27134077298936 -5.108021403539561, 120.27146192235033 -5.1080697590834685, 120.27143251489039 -5.108152241340036, 120.27126723721724 -5.10851988338015, 120.27122324327676 -5.108631219712643, 120.27105030960125 -5.1090688656778225, 120.270902612806 -5.109427791291488, 120.27087689424198 -5.109418899695212, 120.27085242895356 -5.109430755405134, 120.27077876166135 -5.1094100073701005, 120.27049041853009 -5.109328796846341, 120.27015324320195 -5.109223285758126, 120.26977660285705 -5.109115082657276))",Sulawesi Selatan,73,Sinjai,07,Sinjai Utara,05,Lappa,1004,1004-RT03_RW03 LENGKONG,2.49260742521,18.0,Hasil Verifikasi Pendataan Tahun 2024,,Kawasan Minapolitan Lappa
"POLYGON ((120.27029400545868 -5.10756767081316, 120.2703657130362 -5.107362923256669, 120.27038148819234 -5.107324895784474, 120.27073643096789 -5.107454274889889, 120.27076896584718 -5.107400196238992, 120.27108390444162 -5.106864458942181, 120.27141653621551 -5.107019540837292, 120.27174916798936 -5.107438966683863, 120.2722799633732 -5.107791425166288, 120.27196762754514 -5.108284755468354, 120.27157158789306 -5.108113530956114, 120.27129307367315 -5.10800236483249, 120.27073139824587 -5.107751321885976, 120.27029400545868 -5.10756767081316))",Sulawesi Selatan,73,Sinjai,07,Sinjai Utara,05,Lappa,1004,1004-RT02_RW03 LENGKONG,1.54549715803,18.0,Hasil Verifikasi Pendataan Tahun 2024,,Kawasan Minapolitan Lappa
"POLYGON ((120.26517200064202 -5.117177391849489, 120.26543656856447 -5.116249376750611, 120.26557765509148 -5.115685865566922, 120.2658701293774 -5.115756249011976, 120.26589734886741 -5.115623638194189, 120.26625570377449 -5.11570167554012, 120.26628586876616 -5.115706504182857, 120.26628832395647 -5.115643239011083, 120.26665531755997 -5.115695014173622, 120.26671483263279 -5.11571798161039, 120.2668040311828 -5.116050695275713, 120.26688742592806 -5.116346325489534, 120.26685257315661 -5.11637925402155, 120.26676971951824 -5.116433225932603, 120.26673089778063 -5.116707876269247, 120.26653193238721 -5.116652936294657, 120.26651863988965 -5.116716533598059, 120.2664508816318 -5.116698395944357, 120.26635072306567 -5.116671585304152, 120.26633404029316 -5.116741254964553, 120.26631902440442 -5.116836420913724, 120.26620517399047 -5.116812161078988, 120.26600728372073 -5.116781449608756, 120.26596699955371 -5.116912940161243, 120.26594123077143 -5.1169063636887495, 120.2658298007303 -5.1168779255229415, 120.26581262515863 -5.116941347935437, 120.26577262955601 -5.1170890353546445, 120.2657521796368 -5.117087238658254, 120.26563533322205 -5.117076972711626, 120.26562047745593 -5.117134406835106, 120.2655839374755 -5.117275674565133, 120.2655547611916 -5.117265032060499, 120.26517200064202 -5.117177391849489))",Sulawesi Selatan,73,Sinjai,07,Sinjai Utara,05,Lappa,1004,1004-RT01_RW02 BARU,2.08825167764,18.0,Hasil Verifikasi Pendataan Tahun 2024,,Kawasan Minapolitan Lappa
"POLYGON ((120.26515248719191 -5.107499215069467, 120.26523807794756 -5.107505162807407, 120.26544906911263 -5.107523006020889, 120.26561626965854 -5.107564640183754, 120.26585711806392 -5.107677647183646, 120.26657966328021 -5.108020633219174, 120.2672713560148 -5.10835866262953, 120.26714893733177 -5.108970932893641, 120.267131781191 -5.109056738334963, 120.266980411426 -5.109623559412582, 120.26645320183601 -5.109369766879529, 120.2666127492721 -5.108925294206079, 120.26608618228897 -5.108692538968184, 120.2659241616788 -5.1091611527629075, 120.26564685717288 -5.109061843906299, 120.26553311507065 -5.1088799259620865, 120.26549106812463 -5.108794951283275, 120.26548795234366 -5.108407025760909, 120.26525426877129 -5.107832895556918, 120.26515248719191 -5.107499215069467))",Sulawesi Selatan,73,Sinjai,07,Sinjai Utara,05,Lappa,1004,1004-RT01_RW03 BARU,2.73095227485,17.0,Hasil Verifikasi Pendataan Tahun 2024,,Kawasan Minapolitan Lappa
"POLYGON ((120.27352435607169 -5.108900613131599, 120.27260694945501 -5.108560250930331, 120.27196762754515 -5.108284755468337, 120.2722799633732 -5.107791425166288, 120.27232685029871 -5.107715646608921, 120.27237196790631 -5.107699785979503, 120.27271167695199 -5.107842531630181, 120.2730712908245 -5.107972060063447, 120.27355431462384 -5.108192787027163, 120.27378388362737 -5.108309098210997, 120.27352435607169 -5.108900613131599))",Sulawesi Selatan,73,Sinjai,07,Sinjai Utara,05,Lappa,1004,1004-RT03_RW02 Kokoe,1.37983759808,21.0,Hasil Verifikasi Pendataan Tahun 2024,,Kawasan Minapolitan Lappa
"POLYGON ((120.2758328533472 -5.116245962577048, 120.2760460567162 -5.11628419459431, 120.27614869473724 -5.116184458892308, 120.27622504741147 -5.116162018357217, 120.27643032345358 -5.11598249404816, 120.27656800860377 -5.116051062366599, 120.27658803553473 -5.116113397195166, 120.27674699929904 -5.116205652730285, 120.27680582840865 -5.1161981725522585, 120.27713376940278 -5.11627297432862, 120.27710623237276 -5.1164238245509805, 120.2768997046474 -5.116392657152581, 120.2767119521699 -5.1163390492237815, 120.27652920642504 -5.116595868562863, 120.27649415929592 -5.116777886090266, 120.2763677392944 -5.1170683660096445, 120.27619375533187 -5.117028471779602, 120.27614118463815 -5.117079586261407, 120.27612991948946 -5.117240409848216, 120.27626009454056 -5.117253292356004, 120.27628512820424 -5.117326431750154, 120.27642865454263 -5.11737131273788, 120.27630682404606 -5.117705426658616, 120.27596302839832 -5.117728698268501, 120.27593298800193 -5.117620651501219, 120.27567764463245 -5.117602366661881, 120.27563925968148 -5.117264928169267, 120.27552410482859 -5.117246643319762, 120.2755825167105 -5.11711698709916, 120.2755992058196 -5.11693413853826, 120.27542063235205 -5.116917515939224, 120.27540894997568 -5.116811131295173, 120.27559753690866 -5.116824429376635, 120.2755708343341 -5.116546831868539, 120.2757560834453 -5.116538520564036, 120.27574940780164 -5.116407201938702, 120.27517029571536 -5.115984987441694, 120.27524873452818 -5.115848681914674, 120.27546736185762 -5.115955066718739, 120.27551242245222 -5.115875278117344, 120.27563258403782 -5.115928470519372, 120.27573438760346 -5.115627600937179, 120.27542230126299 -5.115494619861296, 120.27544566601571 -5.115331718005678, 120.27561255710687 -5.115140557612054, 120.27583952899083 -5.114987629256044, 120.2760781832512 -5.115034172672607, 120.2758328533472 -5.116245962577048))",Sulawesi Selatan,73,Sinjai,07,Sinjai Utara,05,Lappa,1004,1004-RT01_RW02 TALIBUNGING,2.28850467325,18.0,Hasil Verifikasi Pendataan Tahun 2024,,Kawasan Minapolitan Lappa
"POLYGON ((120.2762741694744 -5.114132879431604, 120.27661740512426 -5.114199116348478, 120.27659402074698 -5.114315693031344, 120.27689708334151 -5.114374363227743, 120.27714646690225 -5.1144959250091, 120.277231095986 -5.1143317905014225, 120.27693798367554 -5.114175613855975, 120.2768164728093 -5.1140392939217785, 120.27680780838962 -5.113832682960136, 120.27676441933593 -5.113717735108348, 120.27644364509872 -5.113693851627704, 120.27644972454287 -5.113471018486821, 120.27684901147848 -5.1136094023558085, 120.27687654850853 -5.113831315164302, 120.27683524296349 -5.113879936499703, 120.27701798870831 -5.114126783222513, 120.27729085564233 -5.114038267489417, 120.27732590277144 -5.113922324327557, 120.27726206692911 -5.11379890093863, 120.27740350712884 -5.113719112068494, 120.27769389762747 -5.113999619771127, 120.27757749109136 -5.114175404535465, 120.27755120574449 -5.114255193348758, 120.27763006178506 -5.114297581151762, 120.27759376297273 -5.114447185139972, 120.27785286139176 -5.114458405437679, 120.27783658951039 -5.114776313790937, 120.2781632788213 -5.114767586897069, 120.27813824515762 -5.114657877364018, 120.27809068119667 -5.114353682651454, 120.27815326535584 -5.114252699948478, 120.2784624311022 -5.114316281652222, 120.27869524417432 -5.113923571028337, 120.27883918774047 -5.11401084007669, 120.27880163724498 -5.114091875610902, 120.27895684595973 -5.114160444131862, 120.2787916237795 -5.114455912038195, 120.27880226308658 -5.114497676478066, 120.27881978665118 -5.114831791899143, 120.27620170265436 -5.114789347793161, 120.27623067998577 -5.114243973047507, 120.2762741694744 -5.114132879431604))",Sulawesi Selatan,73,Sinjai,07,Sinjai Utara,05,Lappa,1004,1004-RT02_RW01 TALIBUNGING,1.95303579568,30.0,Hasil Verifikasi Pendataan Tahun 2024,,Kawasan Minapolitan Lappa
"POLYGON ((120.27689720128093 -5.117812642282766, 120.27686048524089 -5.118061980874125, 120.27682376920082 -5.118216570751945, 120.27672196563526 -5.118258127164343, 120.27667356721882 -5.118467571441742, 120.27663059276283 -5.118669535501437, 120.27641864107703 -5.118624654604798, 120.27624340543136 -5.118632965882197, 120.27610989255842 -5.118676184522895, 120.27599807552735 -5.118654575202908, 120.27589627196176 -5.118576449193785, 120.27581115750525 -5.118443468730782, 120.27570601611785 -5.118385289769518, 120.27565928661231 -5.1182622828054445, 120.27564593532503 -5.118125977763551, 120.2751953293789 -5.118041202661885, 120.27506682323872 -5.11839526330611, 120.27493664818763 -5.118353706902619, 120.27486321610753 -5.118177507721835, 120.27484152026567 -5.118011282035079, 120.27464458877812 -5.117879963712018, 120.27459952818351 -5.117771916970287, 120.27450273135062 -5.117748645361993, 120.27444598837965 -5.117878301454585, 120.27455446758889 -5.118057825231728, 120.27456448105434 -5.118207428340861, 120.27445433293421 -5.118225713162901, 120.27426908382301 -5.118239011214983, 120.27423737451572 -5.117891599513878, 120.2743525293686 -5.117728698268485, 120.27409384817732 -5.1176140024688, 120.27418230045562 -5.117524240524253, 120.27452108937065 -5.1177187247215015, 120.27462456184719 -5.117743658588675, 120.27497670204949 -5.117565796981612, 120.2754139567083 -5.117695453111269, 120.27559586799768 -5.117795188577733, 120.27593966364545 -5.11787996371201, 120.27603171765801 -5.11786927902157, 120.27615328424213 -5.117828433729774, 120.27629681058052 -5.117848380820166, 120.27630348622415 -5.117914871116977, 120.27667899117925 -5.1180013084925084, 120.27675742999206 -5.117790201804794, 120.27689720128093 -5.117812642282766))",Sulawesi Selatan,73,Sinjai,07,Sinjai Utara,05,Lappa,1004,1004-RT02_RW02 TALIBUNGING,1.74620835834,16.0,Hasil Verifikasi Pendataan Tahun 2024,,Kawasan Minapolitan Lappa
"POLYGON ((120.27880507937401 -5.114922489245457, 120.278757515413 -5.115301485577664, 120.27901035541612 -5.115371300667014, 120.2789690498711 -5.115646820856012, 120.27881884788904 -5.115952261650892, 120.27866739422382 -5.115932314501379, 120.27862859204511 -5.11602082997255, 120.27898907680202 -5.116175420343547, 120.27890771739507 -5.116398578958389, 120.27865112234241 -5.116313803627853, 120.27855098768774 -5.1164634071447646, 120.27872622333341 -5.116555662629446, 120.27860105501506 -5.1167601206832005, 120.27831191619966 -5.116610517235637, 120.27833444649696 -5.116505794801536, 120.27805782451333 -5.116464653840601, 120.27791888767997 -5.116408552525963, 120.27778871262885 -5.116326270588927, 120.27785254847124 -5.116070697838246, 120.27800275045324 -5.116170433557969, 120.27804781104791 -5.115669261409163, 120.27827561738734 -5.115705415632043, 120.27827186233779 -5.115381274250583, 120.27834195659607 -5.115209229912198, 120.27840579243843 -5.114895061870613, 120.27880507937401 -5.114922489245457))",Sulawesi Selatan,73,Sinjai,07,Sinjai Utara,05,Lappa,1004,1004-RT03_RW01 TALIBUNGING,1.46503798958,17.0,Hasil Verifikasi Pendataan Tahun 2024,,Kawasan Minapolitan Lappa
"POLYGON ((120.27802037832438 -5.11771456907688, 120.27806251832492 -5.117750307619756, 120.27814346050413 -5.118175014336854, 120.27816515634599 -5.118387783153688, 120.27797323159118 -5.118390276537844, 120.27779298921266 -5.11876428405067, 120.27789646168921 -5.118838254399533, 120.27791982644199 -5.118877317389293, 120.27782219515363 -5.119041049469385, 120.27781218168819 -5.11915906952142, 120.2777554387172 -5.1192471689826835, 120.27769702683528 -5.119238026586316, 120.27764946287434 -5.119253817998144, 120.27750343316953 -5.119150758250864, 120.27746337930768 -5.119219741793206, 120.27741122584169 -5.119193145729568, 120.27733987990024 -5.119304101175249, 120.27719468465092 -5.119490273565212, 120.27706784742165 -5.1194063297710874, 120.27704698603527 -5.119299945540933, 120.27717924722499 -5.119159485084942, 120.27727103732515 -5.119205612634548, 120.27749800920908 -5.118814982830021, 120.27733111811794 -5.118667042118378, 120.27711749752126 -5.118563982276558, 120.27708912603573 -5.118655406330612, 120.2769506064301 -5.118655406330606, 120.27693391732096 -5.118522425884023, 120.27667356721882 -5.118467571441742, 120.27672196563526 -5.118258127164343, 120.27682376920082 -5.118216570751945, 120.27686048524089 -5.118061980874125, 120.27689720128093 -5.117812642282783, 120.2769773090047 -5.117769423583731, 120.27711582861036 -5.1178126422827726, 120.2770524099957 -5.117992166078344, 120.27735281395981 -5.1180752789296005, 120.27740769088268 -5.117852915986883, 120.27756309673464 -5.117985517049775, 120.27779674426225 -5.118116835351174, 120.27802037832438 -5.11771456907688))",Sulawesi Selatan,73,Sinjai,07,Sinjai Utara,05,Lappa,1004,1004-RT03_RW02 TALIBUNGING,1.45662671995,16.0,Hasil Verifikasi Pendataan Tahun 2024,,Kawasan Minapolitan Lappa
"POLYGON ((120.2694055645062 -5.119105773497197, 120.26947565876448 -5.118938716924352, 120.2695076313044 -5.118892234458251, 120.26972162555197 -5.1190366008630095, 120.26976135606054 -5.119114235208223, 120.26971507486056 -5.119231669537616, 120.26975588295245 -5.119392511460336, 120.26980500284522 -5.11942410913388, 120.26983989857096 -5.119392512289186, 120.27001763758304 -5.119295270452379, 120.27004827293534 -5.119268954437403, 120.27006566033025 -5.119217385375421, 120.27042249244741 -5.1194168733455845, 120.27058655303297 -5.119528032346631, 120.27088783819357 -5.119668467335457, 120.27119789864211 -5.119661986423373, 120.27138387191886 -5.119534942922992, 120.27140541082075 -5.119522342881016, 120.27153833292894 -5.119444584744944, 120.27158382906677 -5.119512201936759, 120.27152299777956 -5.119686955960008, 120.27124108475172 -5.12002053077316, 120.27055792132343 -5.119869329540137, 120.2705028685819 -5.120471668576147, 120.2704071146607 -5.120680632888519, 120.27034330985326 -5.12069556894, 120.26937302074346 -5.120379890102337, 120.2694263427608 -5.120180940872235, 120.2694539037982 -5.120089840833521, 120.26877231798568 -5.119886097049063, 120.2687521782088 -5.119965519013258, 120.26873169226322 -5.120019335182033, 120.26854440647587 -5.120045777578642, 120.26825651934364 -5.120103125263012, 120.26794899422659 -5.120042333288339, 120.26794930106712 -5.119970089811936, 120.2679194028652 -5.119935533382262, 120.26773088731942 -5.11985582915358, 120.26764211163405 -5.119872664432764, 120.26762777967654 -5.119909717268707, 120.26760126634808 -5.120057544564856, 120.26752649595879 -5.120035777063359, 120.267351143987 -5.119984727752045, 120.26741918658922 -5.119810027574368, 120.26710083228896 -5.119646565915952, 120.26678784627163 -5.119514930922462, 120.26684837576201 -5.1193139708067745, 120.26708369220052 -5.119383785458274, 120.26722513240027 -5.118989831253497, 120.2672000987366 -5.118881369135535, 120.26712124269604 -5.118837734944964, 120.26706742031917 -5.118815294502942, 120.26711248091374 -5.118504868307441, 120.26721136388524 -5.118334071501123, 120.26746295220516 -5.118137094105784, 120.2675430599289 -5.118036111999831, 120.26765320804913 -5.118043592156403, 120.26780215834795 -5.118395159415152, 120.26779589993203 -5.118578423122405, 120.26780466171432 -5.118785373912317, 120.26780466171427 -5.118871395606521, 120.26784471557617 -5.119048425723341, 120.26783720547708 -5.119092059899558, 120.26773581913919 -5.1192354293147, 120.26770202369322 -5.119318957567839, 120.26776460785238 -5.1193837854582736, 120.26773957418874 -5.119568295571992, 120.26794359854767 -5.119636863506077, 120.26811007241113 -5.119179328243046, 120.26835915736466 -5.119256623051614, 120.26831284508685 -5.11946856038197, 120.26846179538576 -5.1195022210103645, 120.26865580627916 -5.119601956195093, 120.26869836350741 -5.119644343643907, 120.26897123044147 -5.119786466245915, 120.26901378766969 -5.119618163161157, 120.26946689698222 -5.119732858601485, 120.26954074629002 -5.119198028600815, 120.2694055645062 -5.119105773497197))",Sulawesi Selatan,73,Sinjai,07,Sinjai Utara,05,Lappa,1004,1004-RT02_RW01 TAPPE'E,4.48625320679,18.0,Hasil Verifikasi Pendataan Tahun 2024,,Kawasan Minapolitan Lappa
"POLYGON ((120.26419575810273 -5.120515681517915, 120.26435075312855 -5.120015795643416, 120.26436982524231 -5.119954285497276, 120.26472033741335 -5.120040090405917, 120.26515488100041 -5.1201323232737925, 120.26529351709385 -5.1201659100184145, 120.26532851722487 -5.120172931602688, 120.26537764000543 -5.120173271391541, 120.26544227778383 -5.120173718493997, 120.265502949521 -5.12037337733304, 120.26541308872295 -5.120396504401448, 120.2653093300672 -5.120423208278754, 120.26528785274174 -5.120488654766727, 120.26525282809855 -5.120478382687013, 120.26509923411558 -5.120433336391422, 120.26507691419776 -5.120487383094923, 120.2650341823165 -5.120590856426998, 120.26498238720427 -5.1205679543982585, 120.264952380496 -5.1206146742275855, 120.26467960431961 -5.12053482842311, 120.26465807767757 -5.120586954126947, 120.26464057318378 -5.120629340385179, 120.26449834058465 -5.120587463653173, 120.26434597612457 -5.12051683489769, 120.2643293507749 -5.120509128191435, 120.26428573904778 -5.12063356122948, 120.26417075452372 -5.120596323003564, 120.26419575810273 -5.120515681517915))",Sulawesi Selatan,73,Sinjai,07,Sinjai Utara,05,Lappa,1004,1004-RT01_RW01 TAPPEE,0.681562786385,28.0,Hasil Verifikasi Pendataan Tahun 2024,,Kawasan Minapolitan Lappa
"POLYGON ((120.30969255237493 -5.22758862096662, 120.31013815158829 -5.22753626893104, 120.31078402011104 -5.227483916891066, 120.31099930961862 -5.228064774994154, 120.31110445100602 -5.228286647689607, 120.31123712942352 -5.228628181909851, 120.3113297539791 -5.2289522653042315, 120.31137481457372 -5.229206546003903, 120.31143990209928 -5.229610403373454, 120.31164768150775 -5.230016753426772, 120.31122961932442 -5.230081569975306, 120.31116453179888 -5.229804853125133, 120.31111446447154 -5.229737543602553, 120.31098428942045 -5.229587966859766, 120.31084410090386 -5.229415953561387, 120.31073645615007 -5.229136743469178, 120.31060753278217 -5.228811413695741, 120.31057248565301 -5.228666822631062, 120.31048737119654 -5.22855713283558, 120.31038222980912 -5.228472372525914, 120.31018821891564 -5.228366422122695, 120.3099153519816 -5.228255485798918, 120.30974387138546 -5.22817820430334, 120.30970006247404 -5.228127098792963, 120.30968128722628 -5.228071007374316, 120.30967878385991 -5.227955085093214, 120.30969255237493 -5.22758862096662))",Sulawesi Selatan,73,Sinjai,07,Tellulimpoe,08,Bua,2008,2008-Desa Bua,2.45469942741,26.0,Hasil Verifikasi Pendataan Tahun 2024,,Daerah Kumuh Takkalala
"POLYGON ((120.27547080461414 -5.1690442217014825, 120.27568307252395 -5.169075932389779, 120.27569497641814 -5.168688653157254, 120.27569894438288 -5.168496989367838, 120.27589932660183 -5.168331012431204, 120.27633778670464 -5.168332988347376, 120.27636357847541 -5.168696556817405, 120.27639135422855 -5.168809183964168, 120.27642706591114 -5.169143113457043, 120.27639135422855 -5.169342680703033, 120.27635365856362 -5.16964894714638, 120.2762782672337 -5.1698010923567015, 120.27622469970984 -5.170032273969948, 120.27613528325026 -5.1703602140323515, 120.27585131421189 -5.170395453799612, 120.27578128390034 -5.170265087825253, 120.27569613889828 -5.170100227935147, 120.27562924339563 -5.169682967609186, 120.27566903415963 -5.169300594855131, 120.2754747634962 -5.169225163726456, 120.27547080461414 -5.1690442217014825))",Sulawesi Selatan,73,Sinjai,07,Sinjai Timur,03,Panaikang,2004,2004-Desa Panaikang,1.64000314679,21.0,Hasil Verifikasi Pendataan Tahun 2024,,Daerah Kumuh Marana
"POLYGON ((120.28151570415922 -5.1774588215857005, 120.28131723666053 -5.177098090231269, 120.28108035901961 -5.176724090768936, 120.28095344437583 -5.176623127360567, 120.28088405110284 -5.176454987447798, 120.2806463434563 -5.176498437077295, 120.28056486993874 -5.176143754451128, 120.28039402907261 -5.175942184187798, 120.28021555588481 -5.175852475605541, 120.28010626115558 -5.175981114978199, 120.28029905487516 -5.176068016044329, 120.28029945549574 -5.176309021242259, 120.28037963704485 -5.176296454869033, 120.28042593846526 -5.176621192946898, 120.28033799114982 -5.176644378151305, 120.28040643854146 -5.176828135914978, 120.28047934989341 -5.176820726328745, 120.28051803754956 -5.176882966850236, 120.28062814857084 -5.176921496693796, 120.28069064401535 -5.177128965041836, 120.2805686290999 -5.177191205532995, 120.28076801932768 -5.177407565287844, 120.28087366638863 -5.1776387441221905, 120.2809450897538 -5.177625406884065, 120.28109984037833 -5.177920307972953, 120.28117742204591 -5.178218152295639, 120.28096849102407 -5.178124108879376, 120.28089443935777 -5.178041543394963, 120.28082867300213 -5.177805995376773, 120.28078921482738 -5.177664284035848, 120.28063352959214 -5.177487644163486, 120.2804569734129 -5.177284136437941, 120.28033176365032 -5.177119103904369, 120.28016663792896 -5.176919470771774, 120.28001927922267 -5.176580285041943, 120.27967734861963 -5.176562224390689, 120.2797941319838 -5.176344289753133, 120.27986257937545 -5.176375410038084, 120.27991168293899 -5.176341325916381, 120.27994293066126 -5.176222772435328, 120.27991465891252 -5.176139784985371, 120.27962152551808 -5.175924906716135, 120.27979710795742 -5.175658161176907, 120.27965426122705 -5.175465511550835, 120.2798149637987 -5.175278789549565, 120.2800351858413 -5.175068356751936, 120.28043471029024 -5.175226922317228, 120.28074421153929 -5.175434391221125, 120.28091681800511 -5.175558872530794, 120.28110132836515 -5.17564778773699, 120.2812322712013 -5.1757959797195445, 120.28126798288388 -5.176003448436793, 120.28128286275161 -5.176101255094192, 120.28132155040774 -5.176199061736456, 120.28137511793165 -5.176299832200544, 120.2814792770058 -5.176388747302555, 120.28153284452968 -5.176504336916553, 120.28158046010645 -5.176717733071444, 120.28165188347167 -5.176895563145518, 120.28168164320716 -5.177008188833192, 120.281794730202 -5.177304572126097, 120.28180365812267 -5.177357921104064, 120.28172330683685 -5.177440908394164, 120.28162509970971 -5.177384595591351, 120.28154102845694 -5.1774372036046845, 120.28151570415922 -5.1774588215857005))",Sulawesi Selatan,73,Sinjai,07,Sinjai Timur,03,Pasimarannu,2010,2010-Dusun Passahakua Desa Passimarannu,3.0476727604,32.0,Hasil Verifikasi Pendataan Tahun 2024,,Daerah Kumuh Marana
"POLYGON ((120.2830992882474 -5.182773864341346, 120.28272829499095 -5.182818669389648, 120.2827325839272 -5.182931060684056, 120.2825964900013 -5.182968730256228, 120.28260410656944 -5.183418254382203, 120.28263935620863 -5.183540342418131, 120.28275390576836 -5.183521707577497, 120.28300746581986 -5.183341088225487, 120.28313421513035 -5.183257951088668, 120.2831948761398 -5.183201272435937, 120.28348841509047 -5.183413882325321, 120.28361826864298 -5.183945773146283, 120.28336275036214 -5.18401252019808, 120.28306953266288 -5.183445170033058, 120.28292082940108 -5.183449341727281, 120.28268625524166 -5.183655840558242, 120.28244749225792 -5.18366418394392, 120.28243283137297 -5.184183559486066, 120.28233648841466 -5.1842544782016535, 120.28229250575974 -5.184452633394148, 120.28237418783313 -5.18446932014432, 120.2824453978458 -5.185070042858353, 120.28212285837658 -5.185072128700112, 120.28210819749162 -5.185307828774754, 120.28183801832586 -5.185230652653791, 120.28183801832583 -5.184690419543041, 120.28200347688474 -5.184692505386081, 120.28200347688474 -5.184565268949528, 120.28184220715012 -5.184490178581467, 120.28182754626515 -5.1844046589848265, 120.28190713392634 -5.184287851712111, 120.28189456745353 -5.183778905485963, 120.28213751926152 -5.183714244255708, 120.28230716664469 -5.182782913221546, 120.28189561465958 -5.182792299543412, 120.28179194125877 -5.182867390113288, 120.28105051936201 -5.183023828771921, 120.2809217130155 -5.182541997579283, 120.28090809933668 -5.182500280575637, 120.28109869084122 -5.182446048466719, 120.28127043263653 -5.182350099339654, 120.281247394103 -5.1821582010416805, 120.28152804532948 -5.182093539645559, 120.28155946151153 -5.1822833521121785, 120.28211029190379 -5.182181145406484, 120.28207887572174 -5.181997590464914, 120.28206002601249 -5.181743116480438, 120.28210191425526 -5.181586677504678, 120.28230297782048 -5.181636737981135, 120.28238465989386 -5.181674283335878, 120.28252498550711 -5.181670111629877, 120.28254592962848 -5.181597106770926, 120.28255640168915 -5.1814260667826035, 120.28253755197993 -5.181271713582656, 120.28250194697358 -5.181144476457058, 120.28248728608861 -5.181025582726369, 120.28234067723896 -5.180946320226811, 120.2823595269482 -5.180764850782508, 120.28229460017195 -5.180623012559856, 120.2822212957471 -5.180485346019211, 120.28219616280145 -5.180272588579211, 120.28212704720089 -5.180134921962176, 120.28199091041192 -5.180026457333751, 120.28209981984311 -5.179776154274011, 120.28230716664474 -5.17979075528853, 120.28251032462214 -5.1798491593433384, 120.2825354575678 -5.179676033022352, 120.28272814348446 -5.179569654175079, 120.282857997037 -5.179536280415347, 120.28316168679697 -5.180016028041554, 120.28323289680966 -5.180276760294386, 120.28315121473628 -5.180301790585009, 120.28329154034954 -5.180796138621439, 120.28269672730237 -5.180854542583332, 120.28279097584856 -5.181142390602329, 120.2828370529156 -5.181365577019531, 120.28281820320635 -5.1817055711297835, 120.28292292381325 -5.181895383712952, 120.28311142090561 -5.1825315683286295, 120.28308419354782 -5.18270260801766, 120.2830992882474 -5.182773864341346))",Sulawesi Selatan,73,Sinjai,07,Sinjai Timur,03,Pasimarannu,2010,2010-Dusun Marana Desa Passimarannu,5.59621685248,31.0,Hasil Verifikasi Pendataan Tahun 2024,,Daerah Kumuh Marana
"POLYGON ((120.33275995120906 -5.2882260122936815, 120.33274432734791 -5.287892640190039, 120.33274879130829 -5.287732621516521, 120.3328291425941 -5.287545933011808, 120.33296975734427 -5.28719033570423, 120.33306126853088 -5.286899190256587, 120.33310814011423 -5.286656939359924, 120.33312376397542 -5.286272449210079, 120.33313715585635 -5.285965745913607, 120.33316393961833 -5.285690157314758, 120.33325098684462 -5.285385676220192, 120.33327553862637 -5.285116754837015, 120.33326884268591 -5.284785603551836, 120.33333580209076 -5.284374442313833, 120.33340499347577 -5.284367774832056, 120.33358131990849 -5.284643364019294, 120.33373086257932 -5.285038967638274, 120.33382460574613 -5.285221211917073, 120.33394513267484 -5.2854812432951945, 120.33408797940517 -5.285745719542136, 120.33421073831407 -5.285963523425405, 120.33439376068729 -5.286214664542659, 120.33457901504073 -5.286388018528767, 120.3346973099893 -5.286688054159289, 120.33457008712007 -5.286972532252473, 120.3343602809849 -5.287239230346122, 120.33413038702825 -5.287477036049418, 120.3338313016866 -5.287863747932594, 120.33336258585268 -5.288519379596375, 120.33325321882477 -5.288494932326468, 120.33321973912233 -5.288370473482845, 120.33313045991586 -5.288183785170475, 120.3329072618997 -5.288201565012182, 120.33275995120906 -5.2882260122936815))",Sulawesi Selatan,73,Sinjai,07,Tellulimpoe,08,Patongko,2007,2007-Desa Pattongko,4.79701078309,23.0,Hasil Verifikasi Pendataan Tahun 2024,,Daerah Kumuh Pattongko
"POLYGON ((120.31075690477823 -5.224233626913611, 120.31138929915734 -5.224235108719246, 120.31155744166283 -5.22452998797181, 120.31168392053867 -5.225045655878956, 120.3120514532719 -5.225041210467763, 120.31218239610806 -5.225856201990065, 120.31208418898095 -5.225881392620224, 120.31192348640931 -5.225820638745762, 120.31193836627705 -5.225713949000732, 120.31178659162607 -5.225656158714598, 120.31174790396993 -5.225771739281547, 120.31160952119994 -5.225739139636608, 120.31158868938506 -5.225783593697462, 120.31158868938506 -5.225848792981008, 120.31150238615214 -5.2258858380254445, 120.31132829169957 -5.225885838025439, 120.31104408622562 -5.225903619645999, 120.31083576807723 -5.225925846670975, 120.31038937204494 -5.225971782520112, 120.30972572994354 -5.225951037298348, 120.30963496275031 -5.225835456764466, 120.30975995363939 -5.225696167374788, 120.3101230224123 -5.225181981806458, 120.31043549963492 -5.2247611494999076, 120.31074351289725 -5.224281044692344, 120.31075690477823 -5.224233626913611))",Sulawesi Selatan,73,Sinjai,07,Sinjai Timur,03,Sanjai,2002,2002-Desa Sanjai,3.35215381716,23.0,Hasil Verifikasi Pendataan Tahun 2024,,Daerah Kumuh Takkalala
"POLYGON ((120.2721220721751 -5.149672902545178, 120.27226491890562 -5.149945216440442, 120.27219684351068 -5.149989675840835, 120.27228054276675 -5.150218641703625, 120.27237316994342 -5.150309783431888, 120.27240888162602 -5.150418708894864, 120.27225599098495 -5.150504293174108, 120.27223925113377 -5.150558755891273, 120.2722816587568 -5.150806616769594, 120.27240888162602 -5.150822177539002, 120.2723887938046 -5.150916653630784, 120.27239214177482 -5.151096713908005, 120.27248142098128 -5.151093935200419, 120.27250708875313 -5.151195080149016, 120.2725852080588 -5.151240650944779, 120.27268229919581 -5.151238427979208, 120.27268118320573 -5.151300671012251, 120.27282291394602 -5.151294002116152, 120.27284634973766 -5.151434048919703, 120.2727291707792 -5.151452944120993, 120.27272135884864 -5.1516218894251935, 120.27271801087839 -5.151764159120237, 120.27273363473955 -5.151968671751042, 120.27268899513629 -5.152073151004418, 120.27280282612456 -5.152564425561296, 120.2728619735988 -5.152828957857677, 120.27294567285487 -5.153016797950837, 120.27301709622004 -5.153112385195869, 120.2733217615121 -5.153469170018295, 120.27361861487356 -5.153422487903394, 120.27363870269504 -5.153322454788466, 120.2737503017031 -5.1533135629552715, 120.27375922962376 -5.153384697617383, 120.27368278430326 -5.15343360269296, 120.27365879051652 -5.153476394631017, 120.2736599065066 -5.153548640753644, 120.27377541147997 -5.153608104863792, 120.27379382531623 -5.153692021495752, 120.27396233981847 -5.153895422027881, 120.27394894793748 -5.154039914169601, 120.27401144338202 -5.154126609438873, 120.27410630253891 -5.154186073494907, 120.27412862234054 -5.154219417822981, 120.27412750635042 -5.154275547437927, 120.2742843029568 -5.154405590289128, 120.27441989575162 -5.1544672772733575, 120.27439645995989 -5.154552861007283, 120.27459622218437 -5.154625107007492, 120.27463416584712 -5.1546128807618805, 120.27463862980746 -5.154518405219685, 120.27489642351611 -5.154530631467121, 120.2749533390102 -5.1544872838615365, 120.2751062296513 -5.154522851127872, 120.27509506975049 -5.154642890637039, 120.27522452459986 -5.154717359580403, 120.27532384771703 -5.154704021859858, 120.27536067538969 -5.154736254684051, 120.27551802999112 -5.1547218054872, 120.27557382949514 -5.154656228358881, 120.27563632493965 -5.154626218484352, 120.27562516503886 -5.154568421684953, 120.27572002419572 -5.154521739650819, 120.27582046330296 -5.154615103715652, 120.27589746661852 -5.154669566080452, 120.27591532245982 -5.154809612139936, 120.27610504077359 -5.154831841670339, 120.27611173671409 -5.154887415492959, 120.27621105983127 -5.154907422067916, 120.2761731161685 -5.155043022170441, 120.2760179935473 -5.155036353313612, 120.27578251964023 -5.155034130361324, 120.27575350389813 -5.155089704166252, 120.2756173531083 -5.15516028289148, 120.27557661947036 -5.155327004258539, 120.27574401798243 -5.155393137055355, 120.2755944753116 -5.155499838696204, 120.27541591689868 -5.1558099402381075, 120.27551524001585 -5.155884409044625, 120.27547618036301 -5.156005559770895, 120.27531436180132 -5.155955543418805, 120.27519718284285 -5.156134490793633, 120.27543042476974 -5.156225631673219, 120.27538132120621 -5.156401244550669, 120.275240706456 -5.156363454441914, 120.27507832989927 -5.1567213489111925, 120.27499853660849 -5.156669665405565, 120.27473795292461 -5.156536844334203, 120.27469554530153 -5.156605199951808, 120.27450024703742 -5.156988658158029, 120.27451140693823 -5.1570520121002374, 120.27457167040257 -5.157120923398618, 120.27444556352347 -5.157296536028426, 120.27454042268033 -5.1573643358281895, 120.27423464139821 -5.157471037137759, 120.27420674164615 -5.157515496011459, 120.27428262897162 -5.1575777384294, 120.27428262897162 -5.157728898561838, 120.27415429011235 -5.157804478614563, 120.27406947486621 -5.157778914774212, 120.27396010783829 -5.157925628974429, 120.27429936882284 -5.158033441660543, 120.27424245332877 -5.158170152566096, 120.27432950055506 -5.158203496684925, 120.27423129342796 -5.158472472512814, 120.27453149475966 -5.158624743902041, 120.27398131164985 -5.159282733718652, 120.27393444006644 -5.159277176375073, 120.27359071512153 -5.15956615817604, 120.27346014428208 -5.159762888019088, 120.27310637542648 -5.159980735683731, 120.27306619978357 -5.16046755825579, 120.27298361651754 -5.161358953869267, 120.27296018072586 -5.161792425098962, 120.27273475072953 -5.161723514307888, 120.27250262479276 -5.162176991634233, 120.27225933895515 -5.162092520392129, 120.27239995370529 -5.161590138561969, 120.27269457508662 -5.161630151288694, 120.2726030639 -5.161094425127145, 120.27202944499851 -5.161465654507137, 120.27185311856573 -5.160974386838036, 120.27208301252237 -5.160894361299346, 120.27196471757378 -5.1605764819764905, 120.27198368940513 -5.160205252076161, 120.27186204648633 -5.160197471806476, 120.27176941930962 -5.160220812615268, 120.27170357589486 -5.160174130996802, 120.27168125609326 -5.160047423729389, 120.27179508708147 -5.160025194381609, 120.27181294292278 -5.159832910490886, 120.2716567043115 -5.159847359571406, 120.27161652866855 -5.159755107743971, 120.27161429668841 -5.159609505434834, 120.2718229868335 -5.159611728371097, 120.27182521881367 -5.1597206522387165, 120.27202498103816 -5.159721763706658, 120.27202386504803 -5.159593944880742, 120.27213658004622 -5.1595405944066375, 120.2724111136061 -5.159517253572813, 120.27255619231659 -5.159559489366737, 120.27250039281253 -5.159770668294121, 120.27263431162226 -5.159775114165519, 120.27263989157265 -5.1594294475712115, 120.27281063805498 -5.159431670508117, 120.27283295785658 -5.159180478589223, 120.27268787914612 -5.159158249211075, 120.27258744003885 -5.159087115195789, 120.27237540192351 -5.159060439938001, 120.27237763390366 -5.1592204914679085, 120.272147739947 -5.159216045592627, 120.2721544358875 -5.158760343210608, 120.27277269439224 -5.158666979755358, 120.272754838551 -5.158311309323847, 120.27297357260683 -5.158049002252907, 120.27297134062661 -5.157870055417738, 120.2730137482497 -5.157591076089607, 120.27294009290438 -5.157568846655783, 120.27297915255721 -5.157299870444987, 120.27286420557887 -5.157262080389695, 120.27291219315235 -5.1569675401758825, 120.27305392389259 -5.156987546685294, 120.2731119553768 -5.156710789915758, 120.27290772919197 -5.156619649105809, 120.27305057592234 -5.156635209732818, 120.2730929835454 -5.156605199951815, 120.27296129671588 -5.156532954176892, 120.27301040027942 -5.156389574076154, 120.27299031245799 -5.156256197209187, 120.27277827434257 -5.1562084038250395, 120.27281956597561 -5.155882741832635, 120.27279947815418 -5.155707128811795, 120.27254503241574 -5.154922426998724, 120.27250374078274 -5.154779046534347, 120.27251713266371 -5.154644557852295, 120.27250374078274 -5.1545834266237724, 120.27245128924895 -5.154464498580512, 120.27238098187387 -5.154304445851618, 120.27228165875667 -5.154315560625758, 120.2721176082148 -5.154169957069075, 120.27202163306785 -5.15396655662485, 120.27193904980187 -5.153769824985688, 120.27187990232758 -5.15357087032818, 120.27180289901197 -5.15328966615294, 120.27166674822215 -5.152733926310112, 120.27160871673797 -5.152387144401912, 120.27153506139263 -5.151889200818102, 120.2714323903052 -5.151455722827024, 120.27139444664246 -5.1513845879489715, 120.27119580040808 -5.151393479809171, 120.27113107298337 -5.151373473123558, 120.27102840189595 -5.150902204347079, 120.27108196941985 -5.150695468405642, 120.2710261699158 -5.150479840524104, 120.27104848971743 -5.15045761084142, 120.2711824085271 -5.150446495999807, 120.27114223288419 -5.150284219289932, 120.27107750545949 -5.150264212569415, 120.27105518565787 -5.1500930439347545, 120.27126722377324 -5.149995233265672, 120.27125829585259 -5.149899645551822, 120.27110428922146 -5.149848517233862, 120.27114446486436 -5.14973514573153, 120.27130963139629 -5.149799611882392, 120.2713631989202 -5.149881861789522, 120.27161764465862 -5.149850740204278, 120.2721220721751 -5.149672902545178))",Sulawesi Selatan,73,Sinjai,07,Sinjai Timur,03,Tongke - Tongke,2011,2011-Desa Tongke-Tongke,23.6900180274,44.0,Hasil Verifikasi Pendataan Tahun 2024,,Kawasan Tongke Tongke
"POLYGON ((120.26476596313894 -5.131287902560736, 120.26483437385362 -5.131670455646017, 120.26513244008046 -5.131693343788258, 120.2651342382847 -5.131828863806238, 120.26517887788796 -5.131998802331832, 120.26515606209074 -5.1321400883971755, 120.26548644610759 -5.13224977494931, 120.26539392469282 -5.132450606307027, 120.26504121147545 -5.132291297003598, 120.26494847813052 -5.132564894487987, 120.26493073481599 -5.132699664075089, 120.26534194839782 -5.132896521939253, 120.26550183990304 -5.1328155207781485, 120.26549532307531 -5.132901846993341, 120.2655161548902 -5.132956187714463, 120.26550425099595 -5.133096485554855, 120.26545961139274 -5.133195286832387, 120.26537132417747 -5.1333178003953295, 120.26554988259035 -5.133404745490194, 120.26549929104006 -5.133587527753264, 120.26538124408926 -5.133605311970684, 120.26521930152867 -5.133721650380578, 120.26510472654704 -5.133623096187583, 120.26504049511794 -5.133530223049408, 120.26512204483691 -5.133462218258942, 120.26526797973726 -5.133350472275643, 120.26526844852953 -5.133240493786236, 120.26526207965912 -5.133056368704408, 120.26505497279751 -5.132974191298714, 120.26500251333749 -5.132973966494404, 120.2649304986964 -5.133086029231338, 120.26470691432864 -5.132953572650179, 120.26463516467508 -5.133003473605097, 120.26431831915335 -5.1329327800686295, 120.26426942582722 -5.133214694147112, 120.26443145088821 -5.133244079222144, 120.26451695723817 -5.1333233447398126, 120.26467289210416 -5.133729757324439, 120.26427418192911 -5.13394617604155, 120.26413431117233 -5.134024228948115, 120.26399344842436 -5.133958032179892, 120.26401031227444 -5.133880967276886, 120.26378215430236 -5.133727825454808, 120.26379604217894 -5.133686328954753, 120.26367204328108 -5.1335796236565, 120.26353713248022 -5.1333365726327225, 120.26342503747651 -5.133195286832418, 120.26332484636701 -5.133177502603569, 120.26327028685196 -5.133053012987913, 120.26336650999667 -5.132982864066746, 120.26340817362639 -5.133027324651492, 120.26345876517676 -5.132982864066761, 120.26347066907093 -5.132889990835383, 120.2636482354927 -5.133056965039569, 120.26359565996 -5.1331745385654015, 120.2638337378439 -5.133317800395308, 120.26389524129722 -5.133269387780536, 120.26398253652133 -5.133030288690345, 120.26402023218623 -5.132853434346958, 120.26401824820391 -5.132778345337198, 120.26404205599226 -5.132652867630061, 120.26402023218625 -5.132636071399684, 120.264046023957 -5.132557030309581, 120.26395376877701 -5.132528377911995, 120.26403114408926 -5.132335715205139, 120.26407280771895 -5.132243829893737, 120.26407379971015 -5.132020538651619, 120.26424045422888 -5.132002754390026, 120.26422187586705 -5.131960658046997, 120.26431487053564 -5.131951867508008, 120.26405174276894 -5.131474476886255, 120.26383573428926 -5.1315787497433565, 120.26380150330638 -5.131553737900896, 120.26374847347766 -5.131463613616351, 120.26365179696315 -5.131319746609143, 120.26359135690025 -5.131177947624351, 120.26338509048102 -5.131234444562401, 120.26331509613614 -5.131096430036451, 120.26333490617193 -5.13092437182741, 120.26331622152625 -5.130832482075395, 120.26316060506636 -5.130642457641664, 120.26311980320013 -5.130816338546003, 120.26315706640717 -5.131024982692858, 120.26312297800672 -5.131078392196705, 120.26302439998592 -5.131044975522622, 120.26299250304515 -5.130808142056783, 120.26296179212287 -5.130628694708309, 120.2629881992745 -5.130475313662222, 120.26296698336313 -5.130417841696917, 120.26287572863748 -5.130336292039922, 120.26291118604378 -5.130285582798308, 120.2630084011797 -5.130317199348052, 120.26307387259779 -5.130161092618344, 120.26332187039353 -5.130244086074342, 120.26324350309008 -5.130386360545271, 120.26338238185568 -5.130566179622844, 120.26345975716798 -5.13051875481609, 120.26359268398647 -5.130514802748702, 120.26369783505187 -5.130641268892956, 120.26385456965879 -5.130589892024891, 120.26400138435382 -5.130712406088132, 120.2640172562128 -5.1309139614312995, 120.2642473981672 -5.130911985398829, 120.2641839107315 -5.131014739078972, 120.2644160366683 -5.131275575269766, 120.26476596313894 -5.131287902560736))",Sulawesi Selatan,73,Sinjai,07,Sinjai Timur,03,Samataring,1001,1001-Dusun Pangasa Kel. Samataring,4.31797053564,24.0,Hasil Verifikasi Pendataan Tahun 2024,,Daerah Kumuh Samataring
"POLYGON ((120.26480117837673 -5.1426605667288365, 120.26446739619445 -5.1428445160476395, 120.26439618932888 -5.142698243099647, 120.26425377559772 -5.142538672572617, 120.26413138879757 -5.142401264586714, 120.26398897506645 -5.142172989963968, 120.2639822994228 -5.142059960751519, 120.26400010113919 -5.14196466159601, 120.26398674985194 -5.141849416086608, 120.26389996648449 -5.14156130222179, 120.26412248793936 -5.1414925981271145, 120.26425600081232 -5.141601194918554, 120.26440509018708 -5.141665466480282, 120.2645119004854 -5.141829469746319, 120.26463651250013 -5.142084339602964, 120.26471884543845 -5.142385750780003, 120.26480117837673 -5.1426605667288365, 120.26399319226108 -5.1387735187866515, 120.26398327234897 -5.138929623408387, 120.26397335243696 -5.139022495760155, 120.2639770824001 -5.1396391789581, 120.26369234005334 -5.139598865510775, 120.26351175192158 -5.1394488995465775, 120.26306792692242 -5.139293977994931, 120.262761642806 -5.139165163597235, 120.26282859460862 -5.13893258741797, 120.26302302488149 -5.13866286232118, 120.2634118854261 -5.138834775034268, 120.26353687631608 -5.138451429382238, 120.26360829968155 -5.138409933189669, 120.26389002517837 -5.138380293050814, 120.26396144854338 -5.138593702023023, 120.26399319226108 -5.1387735187866515))",Sulawesi Selatan,73,Sinjai,07,Sinjai Timur,03,Samataring,1001,1001-Dusun Poliwali Kel.Samataring,1.95958392379,26.0,Hasil Verifikasi Pendataan Tahun 2024,,Daerah Kumuh Samataring
