WKT,id,Lokasi,luas,layer,path,Baseline,Kawasan,Kode_RT_RW
"POLYGON ((120.263642763855 -5.12077298067045,120.263435250399 -5.12068816555131,120.263667041336 -5.12033576835011,120.263692256614 -5.12029760867614,120.263705982548 -5.12026222452874,120.263821838074 -5.12004342123838,120.263965478421 -5.11962921806437,120.264039299148 -5.11935612930501,120.264184175638 -5.1194015164797,120.264509605733 -5.11950346770029,120.264170754524 -5.12059632300355,120.264221525929 -5.12061276554123,120.2641295627 -5.12092281133009,120.264074125357 -5.12090796785737,120.263781015277 -5.12082948689722,120.263642763855 -5.12077298067045))",0,RT01_RW01 TOKINJONG,0.989113563535831,RT001-RW003,D:/PROYEK/RP2KPKPK SINJAI/DRAFT RP2KPKPK SINJAI 2023/DELINIASI KUMUH SK 2023 EDIT/KEL. BALANGNIPA/RT01_RW01 TOKINJONG.shx|layername=RT01_RW01 TOKINJONG,RT001-RW003 TOKINJONG,Kawasan Benteng Balangnipa,RT001-RW003
"POLYGON ((120.260108398893 -5.11938132730717,120.260242410496 -5.11895752061075,120.260271053689 -5.11889796194962,120.260708425154 -5.11899738182487,120.261274423499 -5.11912891149853,120.261428783992 -5.11916543520671,120.261371625792 -5.1194850894685,120.261331066032 -5.11960254684796,120.261250160199 -5.11978725415126,120.261172250028 -5.11994041471745,120.261075569945 -5.12013366156725,120.26099336151 -5.12028823818856,120.260941295038 -5.12041999144976,120.260923815324 -5.12049307731316,120.260864663722 -5.12047224105385,120.260525150614 -5.12037517397236,120.260007868201 -5.12022663750067,120.259844028724 -5.12018168843367,120.25997971485 -5.11977090921461,120.260108398893 -5.11938132730717))",0,RT01_RW02 TOKINJONG,2.011901594051361,RT001-RW006,D:/PROYEK/RP2KPKPK SINJAI/DRAFT RP2KPKPK SINJAI 2023/DELINIASI KUMUH SK 2023 EDIT/KEL. BALANGNIPA/RT01_RW02 TOKINJONG.shx|layername=RT01_RW02 TOKINJONG,RT001-RW006 TOKINJONG,Kawasan Benteng Balangnipa,RT001-RW006
"POLYGON ((120.258621982686 -5.11930128748431,120.258681895099 -5.11911700940759,120.25896313054 -5.11921145256264,120.258973885934 -5.11917681554755,120.258996494437 -5.11910400637699,120.259542505023 -5.11922541018232,120.259556689565 -5.11925416136685,120.259948334224 -5.1193404752993,120.260108398893 -5.11938132730717,120.259827843194 -5.12023068880079,120.259596806889 -5.12089172045224,120.259376953925 -5.12159841618729,120.259325133986 -5.12158543645087,120.258704299127 -5.12137100644962,120.258601661106 -5.12144082087652,120.25793466898 -5.12111557625964,120.258115321615 -5.12068916681659,120.258440855852 -5.11983845673535,120.258621982686 -5.11930128748431))",0,RT01_RW03 TOKINJONG,4.089001065902282,RT001-RW007,D:/PROYEK/RP2KPKPK SINJAI/DRAFT RP2KPKPK SINJAI 2023/DELINIASI KUMUH SK 2023 EDIT/KEL. BALANGNIPA/RT01_RW03 TOKINJONG.shx|layername=RT01_RW03 TOKINJONG,RT001-RW007 TOKINJONG,Kawasan Benteng Balangnipa,RT001-RW007
"POLYGON ((120.262889153771 -5.1206322298186,120.262649967284 -5.12052481244572,120.2626155044 -5.12049836535231,120.262607397878 -5.12044214508314,120.262595178714 -5.12023169572466,120.262602216397 -5.12011107203266,120.262652526834 -5.12008481550198,120.262754600531 -5.12003154420434,120.262775010946 -5.11999815925589,120.262737286758 -5.1198975810677,120.262668595021 -5.11978969777349,120.262571594918 -5.11960996710095,120.262461368376 -5.11945647948953,120.262353353383 -5.11934364623048,120.262266696865 -5.11925481310334,120.262209825822 -5.11917088915931,120.262186765819 -5.11914873287152,120.262232810687 -5.11912281135969,120.262398171648 -5.11902971936215,120.262960647793 -5.11871306581263,120.263522592514 -5.11842174058322,120.263501066714 -5.11837441217,120.263734055212 -5.11825705982776,120.263821411121 -5.11846185338605,120.263931078887 -5.11874683678182,120.264032573901 -5.11899114032796,120.264064205011 -5.11912277389595,120.264073285349 -5.11923040226586,120.263965478421 -5.11962921806437,120.263821838074 -5.12004342123838,120.263667041341 -5.12033576834335,120.263407587363 -5.12073022226818,120.263325824264 -5.12084090882882,120.263282449243 -5.12082018049953,120.262889153771 -5.1206322298186))",0,RT02_RW01 TOKINJONG,3.408688831502141,RT002-RW003,D:/PROYEK/RP2KPKPK SINJAI/DRAFT RP2KPKPK SINJAI 2023/DELINIASI KUMUH SK 2023 EDIT/KEL. BALANGNIPA/RT02_RW01 TOKINJONG.shx|layername=RT02_RW01 TOKINJONG,RT002-RW003 TOKINJONG,Kawasan Benteng Balangnipa,RT002-RW003
"POLYGON ((120.256411638676 -5.11008430233718,120.256854937223 -5.10999302309561,120.256842692778 -5.10996679248607,120.256941171087 -5.10995775082,120.257079781507 -5.11033275345076,120.257246101433 -5.11092018359076,120.257451049102 -5.11150777914621,120.25770523945 -5.11229068028194,120.257712994479 -5.11243269566138,120.257561616813 -5.11239287286304,120.25736244544 -5.11235281018277,120.257255566017 -5.11236574155163,120.256917812834 -5.1123891922371,120.256913938949 -5.11238919223625,120.256860825916 -5.11211157643253,120.256741247502 -5.11152291179366,120.256646347442 -5.11107445753632,120.25648716868 -5.1103780346636,120.256411638676 -5.11008430233718))",0,RT02_RW01 ULUSALO,1.973974799036742,RT002-RW004,D:/PROYEK/RP2KPKPK SINJAI/DRAFT RP2KPKPK SINJAI 2023/DELINIASI KUMUH SK 2023 EDIT/KEL. BALANGNIPA/RT02_RW01 ULUSALO.shx|layername=RT02_RW01 ULUSALO,RT002-RW004 ULUSALO,Kawasan Benteng Balangnipa,RT002-RW004
"POLYGON ((120.258612646972 -5.12261020873024,120.258318577932 -5.12251211792711,120.258303216525 -5.12247977536222,120.258335717805 -5.12240699324651,120.258399359886 -5.12230087247888,120.258424763804 -5.12221491015144,120.258247737764 -5.12206950379707,120.258111150882 -5.12194698403522,120.258032917191 -5.12184025507068,120.257935750536 -5.12169997281056,120.25788259455 -5.12158378790026,120.257775856469 -5.12147646220387,120.25793466898 -5.12111557625964,120.258601661106 -5.12144082087652,120.258704299127 -5.12137100644962,120.259325133986 -5.12158543645087,120.259376953925 -5.12159841618729,120.259015761157 -5.12275883064082,120.258971493139 -5.12273504781113,120.258612646972 -5.12261020873024))",0,RT02_RW03 Tokinjong,1.711579037645244,RT002-RW007,D:/PROYEK/RP2KPKPK SINJAI/DRAFT RP2KPKPK SINJAI 2023/DELINIASI KUMUH SK 2023 EDIT/KEL. BALANGNIPA/RT02_RW03 TOKINJONG.shx|layername=RT02_RW03 TOKINJONG,RT002-RW007 TOKINJONG,Kawasan Benteng Balangnipa,RT002-RW007
"POLYGON ((120.261982t988679 -5.12163250224626,120.262227185687 -5.12106823813382,120.262254925948 -5.12099111691032,120.262365337387 -5.12103662751387,120.262770779746 -5.12120374703597,120.263054291068 -5.1213228676431,120.263238470845 -5.12141259630582,120.263354411251 -5.12140018161485,120.263602929237 -5.12150022715628,120.263782756115 -5.12160428237552,120.263737269467 -5.12187090977752,120.263662216218 -5.12185783724992,120.26358573237 -5.12190771600088,120.263425398214 -5.12186527189061,120.263376158677 -5.1221401230911,120.263095333018 -5.12210055637657,120.263060200588 -5.12223550841675,120.262999460496 -5.12244012874325,120.26317093529 -5.12248963648203,120.26296768778 -5.12284596358618,120.262911182523 -5.12282143137041,120.26288867601 -5.12286266482281,120.262862734557 -5.12296601452362,120.26278058155 -5.12293151525247,120.262741459034 -5.12305283282584,120.262802181478 -5.12307477927886,120.262714428724 -5.12334239730586,120.262748048817 -5.12335571457327,120.262699119543 -5.1237586067825,120.262643394423 -5.1238205739989,120.262630624293 -5.12391337619976,120.262578313438 -5.12398462772539,120.262529442937 -5.124030182717,120.262491829508 -5.1240561005273,120.26227001668 -5.12393614974402,120.262220826365 -5.12405824525236,120.262014584232 -5.12391203888463,120.261845279479 -5.1236889625101,120.261764684245 -5.12338453999619,120.261905478869 -5.12322420289309,120.261991219168 -5.1231338183947,120.262010846408 -5.12311012356192,120.262034207841 -5.12299976518588,120.262006245354 -5.12279417623053,120.262100103829 -5.12264428517129,120.262140828899 -5.12248809631411,120.262140143463 -5.12231308134111,120.262112435607 -5.1222054997482,120.262122645902 -5.12218571540328,120.262153728203 -5.1221467346058,120.262201804432 -5.12210998081851,120.262265688116 -5.1220611423764,120.262283519549 -5.12179344068836,120.261982988679 -5.12163250224626))",0,RT03_RW01 TOKINJONG,3.554574118762708,RT003-RW003,D:/PROYEK/RP2KPKPK SINJAI/DRAFT RP2KPKPK SINJAI 2023/DELINIASI KUMUH SK 2023 EDIT/KEL. BALANGNIPA/RT03_RW01 TOKINJONG.shx|layername=RT03_RW01 TOKINJONG,RT003-RW003 TOKINJONG,Kawasan Benteng Balangnipa,RT003-RW003
"POLYGON ((120.256045759494 -5.10878713599962,120.256360684379 -5.10868508361485,120.256539513061 -5.10931730677214,120.256854937223 -5.10999302309561,120.256411638676 -5.11008430233718,120.256316532465 -5.10968443192619,120.256232148785 -5.10934217724992,120.256114505423 -5.10897108991202,120.256045759494 -5.10878713599962))",0,RT03_RW01 ULUSALO,0.582323645010383,RT003-RW004,D:/PROYEK/RP2KPKPK SINJAI/DRAFT RP2KPKPK SINJAI 2023/DELINIASI KUMUH SK 2023 EDIT/KEL. BALANGNIPA/RT03_RW01 ULUSALO.shx|layername=RT03_RW01 ULUSALO,RT003-RW004 ULUSALO,Kawasan Benteng Balangnipa,RT003-RW004
"POLYGON ((120.262659073065 -5.12115770262205,120.262221074773 -5.12097716375583,120.261462314382 -5.12066691387662,120.261959492477 -5.11926432394015,120.26212577511 -5.11918306831466,120.262186765819 -5.11914873287152,120.262209825822 -5.11917088915931,120.262266696865 -5.11925481310334,120.262353353383 -5.11934364623048,120.262461368376 -5.11945647948953,120.262571594918 -5.11960996710095,120.262668595021 -5.11978969777349,120.262737286758 -5.1198975810677,120.262775010946 -5.11999815925589,120.262754600531 -5.12003154420434,120.262602216397 -5.12011107203265,120.262595178714 -5.12023169572466,120.262607397878 -5.12044214508314,120.2626155044 -5.12049836535231,120.262649967284 -5.12052481244572,120.262889153771 -5.1206322298186,120.263325824264 -5.12084090882882,120.263299187049 -5.12090399373036,120.263085996996 -5.12124354251495,120.263027620475 -5.12128919757153,120.263006480585 -5.12130277951755,120.262999184335 -5.12129971391338,120.262960092259 -5.12128328892373,120.262868617396 -5.12124485468752,120.262770779746 -5.12120374703597,120.262659073065 -5.12115770262205))",0,RT03_RW02 TOKINJONG,2.307099127919182,RT006-RW006,D:/PROYEK/RP2KPKPK SINJAI/DRAFT RP2KPKPK SINJAI 2023/DELINIASI KUMUH SK 2023 EDIT/KEL. BALANGNIPA/RT03_RW02 TOKINJONG.shx|layername=RT03_RW02 TOKINJONG,RT006-RW006 TOKINJONG,Kawasan Benteng Balangnipa,RT006-RW006
"POLYGON ((120.25274774747 -5.12682502779554,120.254930682942 -5.12766279326358,120.254550171254 -5.12842409505704,120.254056173624 -5.12816811158587,120.253762445304 -5.12804510650477,120.253658972827 -5.12807835112362,120.252911300739 -5.12776585163809,120.252461753167 -5.12759181487358,120.25274774747 -5.12682502779554))",0,RT02_RW01 LOMPU,2.302111318478008,RT002-RW006,D:/PROYEK/RP2KPKPK SINJAI/DRAFT RP2KPKPK SINJAI 2023/DELINIASI KUMUH SK 2023 EDIT/KEL BIRINGERE/RT01_RW01 LOMPU.shx|layername=RT01_RW01 LOMPU,RT002-RW006 LOMPU,Daerah Kumuh Mangottong,RT002-RW006
"POLYGON ((120.256491114644 -5.12569636980233,120.256973429898 -5.12596565215566,120.256930038214 -5.12608699540123,120.257195395049 -5.12624324557389,120.257250469109 -5.12636458876672,120.257499136835 -5.12652915004619,120.257504143568 -5.12685993471199,120.257402340002 -5.12688653045657,120.256634640983 -5.12692143736966,120.256132298798 -5.12669204904875,120.256147318997 -5.1265790170922,120.256315878999 -5.12602881713568,120.256491114644 -5.12569636980233))",0,RT01_RW01 MATTOANGING,1.300325547061289,RT001-RW008,D:/PROYEK/RP2KPKPK SINJAI/DRAFT RP2KPKPK SINJAI 2023/DELINIASI KUMUH SK 2023 EDIT/KEL BIRINGERE/RT01_RW01 MATTOANGING.shx|layername=RT01_RW01 MATTOANGING,RT001-RW008 MATTOANGING,Daerah Kumuh Mangottong,RT001-RW008
"POLYGON ((120.241533256241 -5.13620116368521,120.241267349815 -5.13629083756797,120.241404240749 -5.13661897376027,120.241532673892 -5.13669603593318,120.241694421711 -5.13662980041545,120.241784671692 -5.13686982978523,120.242246960014 -5.13678173275563,120.242407175462 -5.13708924120224,120.242345425758 -5.1372754084059,120.24233040556 -5.13748152203227,120.242479697327 -5.1380193089922,120.240618102965 -5.13824198100444,120.240544670884 -5.13824198100443,120.240519637221 -5.13747237989705,120.2408834598 -5.13743581135477,120.241330727924 -5.13736682978069,120.241125451882 -5.13614344447936,120.241480929906 -5.13606199618979,120.241533256241 -5.13620116368521))",0,RT01_RW03 BIRINGERE,2.674355284859324,RT001-RW003,D:/PROYEK/RP2KPKPK SINJAI/DRAFT RP2KPKPK SINJAI 2023/DELINIASI KUMUH SK 2023 EDIT/KEL BIRINGERE/RT01_RW03 BIRINGERE.shx|layername=RT01_RW03 BIRINGERE,RT001-RW003 BIRINGERE,Daerah Kumuh Mangottong,RT001-RW003
"POLYGON ((120.246782083858 -5.13541772441358,120.24705342344 -5.13488182592825,120.247303760076 -5.13432332205704,120.247856742706 -5.13452690707224,120.247592481664 -5.13507796705266,120.247390543444 -5.13497657207215,120.247110166411 -5.13554172421699,120.247303760076 -5.13570794534072,120.247208632154 -5.13593234378901,120.246954957696 -5.13578108262143,120.246782083858 -5.13541772441358))",0,RT03_RW01 BIRINGERE,0.835877440719231,RT003-RW001,D:/PROYEK/RP2KPKPK SINJAI/DRAFT RP2KPKPK SINJAI 2023/DELINIASI KUMUH SK 2023 EDIT/KEL BIRINGERE/RT03_RW01 BIRINGERE.shx|layername=RT03_RW01 BIRINGERE,RT003-RW003 BIRINGERE,Daerah Kumuh Mangottong,RT003-RW001
"POLYGON ((120.252561385751 -5.11878918324686,120.252736435962 -5.11873303596229,120.252876487869 -5.11850712121818,120.252925326475 -5.1184330746314,120.252974793036 -5.11835807593989,120.253009764811 -5.11841471832027,120.253037989414 -5.11850239230653,120.253208476556 -5.11856260890521,120.253916305425 -5.11882063496762,120.253953210253 -5.1188340879248,120.253898220271 -5.119011703079,120.253855690685 -5.11914349597173,120.253554995684 -5.11942528310031,120.253337024305 -5.11999050258765,120.253255652691 -5.1199564546252,120.252484141322 -5.11965689718785,120.252450125024 -5.11932996999841,120.252561385751 -5.11878918324686))",0,RT01_RW02 PARUNTU,1.771341888139663,RT001-RW008,D:/PROYEK/RP2KPKPK SINJAI/DRAFT RP2KPKPK SINJAI 2023/DELINIASI KUMUH SK 2023 EDIT/KEL. BONGKI/RT01_RW02 PARUNTU.shx|layername=RT01_RW02 PARUNTU,RT001-RW008 PARUNTU,Daerah Kumuh Paruntu,RT001-RW008
"POLYGON ((120.241068523476 -5.10857288210093,120.241234672829 -5.10837045311135,120.241302350788 -5.10828651265401,120.241703086077 -5.10852971082174,120.241996795477 -5.10870909141439,120.242185909173 -5.10881390617564,120.242458317954 -5.10895613711176,120.242775180648 -5.10901846611843,120.243018326841 -5.10903385669345,120.243249535816 -5.10905278211463,120.243552005605 -5.10913537104746,120.243896013261 -5.1092623689672,120.244166043667 -5.10940339383349,120.244445392056 -5.10959586176855,120.245040151737 -5.10991161811292,120.244940075127 -5.11017418058651,120.244889342964 -5.11018371902354,120.244816155645 -5.11032270812805,120.244776101784 -5.11040914652864,120.244764975711 -5.1104756375981,120.244771651354 -5.110539912292,120.244791678285 -5.11057315782081,120.244791678285 -5.11065737981936,120.244742723565 -5.110717221759,120.2446715167 -5.11077928006085,120.244649264554 -5.11086571839986,120.244649264554 -5.11092334395267,120.244831019358 -5.1110310675229,120.244827833002 -5.11110708257441,120.244689270932 -5.11139195330837,120.244613103483 -5.11147195808824,120.244579119049 -5.11172428474406,120.244413361072 -5.11167766787824,120.244431264963 -5.11150560435895,120.244362894863 -5.11143501967839,120.244280408571 -5.11131990467571,120.244178925207 -5.11129795074709,120.244070708772 -5.11130234265191,120.243783656095 -5.11114276427958,120.243775472045 -5.11104351967036,120.243872648539 -5.11095916478525,120.243893038381 -5.11094135295361,120.24393596707 -5.11090385199214,120.243871463195 -5.11073436973156,120.243822841275 -5.11059351278059,120.243903845495 -5.11056275011064,120.243881194666 -5.11044350024872,120.243789219131 -5.11015980495675,120.243477689094 -5.11025880280726,120.243375329225 -5.11005194160966,120.243425767422 -5.10988201986166,120.243509598521 -5.10983815703905,120.243503790876 -5.10973789417833,120.243635458375 -5.10972698427349,120.243931253851 -5.10969765323859,120.243939121081 -5.10964221958431,120.243737297458 -5.10951705734622,120.24349901057 -5.10943490119088,120.243397207362 -5.10968196843813,120.243146873865 -5.10962196562089,120.242948088032 -5.10957172785771,120.242724083101 -5.109497848787,120.242666615415 -5.10955932807036,120.24195721529 -5.10913233814856,120.241728477918 -5.10909310079905,120.241068523476 -5.10857288210093))",0,RT02_RW01 Popanda,4.047124222773871,RT002-RW001,D:/PROYEK/RP2KPKPK SINJAI/DRAFT RP2KPKPK SINJAI 2023/DELINIASI KUMUH SK 2023 EDIT/KEL. BONGKI/RT02_RW01 POPANDA.shx|layername=RT02_RW01 POPANDA,RT02_RW01 POPANDA,Daerah Kumuh Paruntu,RT002-RW001
"POLYGON ((120.253612059163 -5.11786238494417,120.254248219212 -5.11809081132162,120.255049937666 -5.11841366912669,120.254739662635 -5.11915254869721,120.254648426794 -5.1191109830331,120.253983659882 -5.11884518775966,120.253208476556 -5.11856260890521,120.253037989414 -5.11850239230653,120.253009764811 -5.11841471832027,120.252873598423 -5.11819417504973,120.25265986123 -5.11799123027164,120.25241864698 -5.11780131725583,120.252386875575 -5.11770315578881,120.252385465846 -5.11762108453451,120.252384828407 -5.11756830273447,120.25260209324 -5.1176151397153,120.253251833655 -5.11779006984832,120.253612059163 -5.11786238494417))",0,RT02_RW02 PARUNTU,2.247971122763389,RT002-RW008,D:/PROYEK/RP2KPKPK SINJAI/DRAFT RP2KPKPK SINJAI 2023/DELINIASI KUMUH SK 2023 EDIT/KEL. BONGKI/RT02_RW02 PARUNTU.shx|layername=RT02_RW02 PARUNTU,RT002-RW008 PARUNTU,Daerah Kumuh Paruntu,RT002-RW008
"POLYGON ((120.252221669663 -5.11492535203535,120.252420566976 -5.11478400473576,120.252641271638 -5.11501882190107,120.253131312672 -5.11551439688135,120.253275982361 -5.11569049188496,120.253466451683 -5.11590249063859,120.253526826787 -5.11603395319029,120.253566945019 -5.11635545661337,120.253568325144 -5.11670261514523,120.253497459338 -5.11667626887865,120.252988626945 -5.11643985844536,120.252650394333 -5.1161354798839,120.252544654186 -5.11581193260684,120.252386469366 -5.11566636800373,120.252131159048 -5.11548308929123,120.25186418052 -5.11528388801447,120.251938325678 -5.11514255463817,120.252221669663 -5.11492535203535))",0,RT04_RW02 PARUNTU,1.675287360100352,RT004-RW008,D:/PROYEK/RP2KPKPK SINJAI/DRAFT RP2KPKPK SINJAI 2023/DELINIASI KUMUH SK 2023 EDIT/KEL. BONGKI/RT04_RW02 PARUNTU.shx|layername=RT04_RW02 PARUNTU,RT004-RW008 PARUNTU,Daerah Kumuh Paruntu,RT004-RW008
"POLYGON ((120.252529204523 -5.1145896606165,120.252593643916 -5.11439283007441,120.252625480922 -5.11431408907187,120.252886271531 -5.11444240121392,120.253342177546 -5.1146671843766,120.253901869842 -5.11493353517584,120.254230166989 -5.11511186637436,120.254557498374 -5.11529306239227,120.254533522877 -5.11537108030095,120.254502488928 -5.11544392892055,120.254552491482 -5.11546918541868,120.254233263616 -5.11630687753825,120.253592357039 -5.11604262746326,120.253517032862 -5.11595878916938,120.253466451683 -5.11590249063859,120.253275982361 -5.11569049188496,120.253131312672 -5.11551439688135,120.25297833305 -5.1153596897669,120.252735528503 -5.1151141432496,120.252641271638 -5.11501882190107,120.252500341017 -5.11486887978122,120.252497866388 -5.11484880946536,120.252500028869 -5.11483092697667,120.252529204523 -5.1145896606165))",0,RT05_RW02 PARUNTU,2.435272123984824,RT005-RW008,D:/PROYEK/RP2KPKPK SINJAI/DRAFT RP2KPKPK SINJAI 2023/DELINIASI KUMUH SK 2023 EDIT/KEL. BONGKI/RT05_RW02 PARUNTU.shx|layername=RT05_RW02 PARUNTU,RT005-RW008 PARUNTU,Daerah Kumuh Paruntu,RT005-RW008
"POLYGON ((120.269388353862 -5.10957859630229,120.268813910121 -5.11130511327815,120.267804968657 -5.11101613850416,120.267806226318 -5.11098571391133,120.267732794238 -5.11080203246144,120.267651017603 -5.11071725638988,120.267565068691 -5.11061087071558,120.267525849285 -5.11049949819385,120.267519458796 -5.11043735216827,120.267552551859 -5.11028589561668,120.267663534435 -5.1101753541772,120.267776185922 -5.11016704279,120.268069244921 -5.11010680875901,120.268097451272 -5.10993016820951,120.268115809292 -5.10966087910637,120.268115809292 -5.10949465120844,120.268129995035 -5.1092885285551,120.269388353862 -5.10957859630229))",0,RT02_RW02 KOKOE,2.776194586650442,RT002-RW012,,RT02_RW012 KOKOE,Kawasan Minapolitan Lappa,RT002-RW012
"POLYGON ((120.268813910121 -5.11130511327815,120.26872579623 -5.11163233868693,120.268371987117 -5.11150268132923,120.268316913057 -5.11167389552679,120.268330264344 -5.11185674559015,120.268330264344 -5.11185674559015,120.268318581968 -5.11199305196705,120.268146684144 -5.11253993945588,120.268001488895 -5.11249339585799,120.268044880578 -5.11219917375021,120.267881327309 -5.1121759019393,120.267907195428 -5.11172542600448,120.267792875031 -5.11171420565889,120.267806643546 -5.1115774836542,120.26797854137 -5.11159036627594,120.268021098598 -5.11132066230204,120.267804974635 -5.11127661202741,120.267804968657 -5.11101613850416,120.268813910121 -5.11130511327815))",0,RT03_RW02 KOKOE,0.835412626033302,RT003-RW012,,RT03_RW012 KOKOE,Kawasan Minapolitan Lappa,RT003-RW012
"POLYGON ((120.270126835613 -5.11171369243947,120.270696175865 -5.10986023810465,120.271142914823 -5.10995056903587,120.270612202376 -5.11184584285961,120.270126835613 -5.11171369243947))",0,RT02_RW01 KOKOE,1.147805669719516,RT003-RW010,,RT03_RW010 KOKOE,Kawasan Minapolitan Lappa,RT003-RW010
"POLYGON ((120.270612202376 -5.11184584285961,120.271142914823 -5.10995056903588,120.271612045849 -5.11001102800568,120.271594966147 -5.11009559575186,120.271546581085 -5.11016787142481,120.271484654956 -5.11053090211284,120.271654509479 -5.11056791008404,120.271480488247 -5.11090238862971,120.271354528014 -5.11090907979936,120.271275592935 -5.11145273709937,120.271225208842 -5.11158488757335,120.2712386446 -5.11165514477626,120.271230247251 -5.11171369243947,120.271179863158 -5.11180569589942,120.271050543986 -5.11202315857039,120.270966570497 -5.11196962930438,120.270612202376 -5.11184584285961))",0,RT03_RW01 KOKOE,1.291762199983032,RT004-RW004,,RT04_RW04 KOKOE,Kawasan Minapolitan Lappa,RT004-RW004
"POLYGON ((120.269467511286 -5.10957701905553,120.269638975863 -5.10907513362854,120.270080840963 -5.1091979449185,120.270852428954 -5.10943075540513,120.270696175865 -5.10986023810463,120.269467511286 -5.10957701905553))",0,RT01_RW03 KOKOE,0.767495529311578,RT001-RW003,,RT01_RW03 KOKOE,Kawasan Minapolitan Lappa,RT001-RW003
"POLYGON ((120.270876894242 -5.10941889969521,120.270902612806 -5.10942779129149,120.271022629535 -5.10943969493595,120.271178577276 -5.10941106275747,120.271274627427 -5.1093934278209,120.271405480854 -5.10937676782797,120.271434027712 -5.10937313329601,120.27145342995 -5.10937066303901,120.271508856109 -5.10936360627936,120.271684182044 -5.10934128405963,120.271677406077 -5.10938056391851,120.271612045849 -5.11001102800567,120.271142914823 -5.10995056903587,120.270696175865 -5.10986023810463,120.270852428954 -5.10943075540513,120.270876894242 -5.10941889969521))",0,RT01_RW01 KOKOE,0.592976324451080,RT001-RW002,,RT01_RW02 KOKOE,Kawasan Minapolitan Lappa,RT001-RW002
"POLYGON ((120.268523129548 -5.10790191492734,120.268554937568 -5.10770762322253,120.268564931036 -5.10765111293877,120.269502959031 -5.10793679654415,120.269539131086 -5.10795473663255,120.26983350712 -5.1072812917488,120.269852706742 -5.10721872087255,120.269992729348 -5.10726235290432,120.270365713036 -5.10736292325667,120.270288958844 -5.10758208046678,120.270016103838 -5.1081619056755,120.26984423298 -5.10854419471136,120.269638832922 -5.10907550337367,120.26959502339 -5.1090629175309,120.269542904378 -5.10906249200151,120.269299934453 -5.10900407591502,120.269084324906 -5.10896012162697,120.268915161352 -5.10892831955846,120.268877076158 -5.10891261656054,120.268878633022 -5.10882655119053,120.268903004107 -5.10870232876787,120.268925985449 -5.10862472275605,120.268850804029 -5.10857212001482,120.268595181633 -5.10847388322047,120.268449647247 -5.10841948684387,120.26844962132 -5.10836782502558,120.268475468249 -5.10817666407029,120.268523129548 -5.10790191492734))",0,RT03_RW01 LAPPAE,2.216697110860972,RT001-RW011,,RT02_RW011 LAPPAE,Kawasan Minapolitan Lappa,RT001-RW011
"POLYGON ((120.268706823838 -5.10696718562851,120.268708328205 -5.1069607295029,120.268721693967 -5.10690336913207,120.269134399633 -5.10701769734869,120.269686950496 -5.10717067567678,120.269852706742 -5.10721872087255,120.26983350712 -5.1072812917488,120.269584180383 -5.10785167739656,120.269539131086 -5.10795473663255,120.269502959031 -5.10793679654411,120.268564931036 -5.10765111293879,120.268598844459 -5.10748377902751,120.268681621773 -5.1070753424859,120.268706823838 -5.10696718562851))",0,RT02_RW01 LAPPAE,1.050765463556466,RT003-RW004,,RT03_RW04 LAPPAE,Kawasan Minapolitan Lappa,RT003-RW004
"POLYGON ((120.267696341161 -5.10691023952997,120.267723148625 -5.10670148532048,120.267735724742 -5.10661943636472,120.268415638839 -5.10682077568051,120.268721693967 -5.10690336913207,120.268681621773 -5.1070753424859,120.26856107071 -5.10767016035159,120.268523129548 -5.10790191492734,120.268475468249 -5.10817666407029,120.26844962132 -5.10836782502558,120.268399927699 -5.1083497063707,120.268311541801 -5.10831583275441,120.268217452816 -5.10829271851416,120.268166116533 -5.1083092360359,120.268056092945 -5.10840478938685,120.268040254872 -5.10846888929869,120.268013560025 -5.10857875638165,120.267978293136 -5.10857133453115,120.267835467779 -5.10854127718365,120.267851813507 -5.10848482265255,120.267355684971 -5.10832656420556,120.267554521353 -5.10751596421115,120.267696341161 -5.10691023952997))",0,RT01_RW01 LAPPAE,2.116259979377775,RT002-RW003,,RT02_RW04 LAPPAE,Kawasan Minapolitan Lappa,RT002-RW003
"POLYGON ((120.267800979916 -5.10375597047133,120.267937016968 -5.10354519624213,120.268016228252 -5.10344505434932,120.268067567708 -5.10348400524032,120.268067294432 -5.10354855804328,120.268330798958 -5.10382510984499,120.268209543221 -5.10407994058714,120.268120041092 -5.1042689179236,120.268020305651 -5.10450949482457,120.267967933519 -5.1047144100047,120.267895252723 -5.10498522718192,120.267820685494 -5.10536362620106,120.267790249638 -5.10579385625448,120.267718144794 -5.10660405981091,120.267650125637 -5.10659697125312,120.267239294141 -5.10650303738182,120.266630515585 -5.10633977625989,120.266224136592 -5.10635525899592,120.266085204891 -5.10643083558587,120.265944654213 -5.10647313392328,120.26569531284 -5.10656818467483,120.265219958453 -5.10665509913017,120.264700357278 -5.10671743750614,120.264651416033 -5.10645040652518,120.264762625504 -5.1064219810466,120.264757780695 -5.10619659717568,120.264754421755 -5.10604939034504,120.264754421757 -5.1059673634561,120.264738373498 -5.10584970984338,120.264994806915 -5.10576903491187,120.265017847282 -5.10592176653667,120.26527906882 -5.10587353272577,120.265340775303 -5.10620506842382,120.265389261328 -5.10622001644108,120.2657352321 -5.10620997961319,120.266091279691 -5.10604604473481,120.266914163811 -5.10602658336082,120.267005680956 -5.1054592564471,120.267339670219 -5.10549355799099,120.267339599086 -5.10547951870223,120.267344904226 -5.10541338394076,120.267365320809 -5.10519763876789,120.267394548232 -5.1045304815281,120.267525546874 -5.1045137534374,120.267619597181 -5.10452713591001,120.26763303294 -5.10442676735873,120.267656545516 -5.10434981812549,120.267683417033 -5.10423941268773,120.267780826279 -5.10416915467199,120.267928619619 -5.10398012711522,120.267943734847 -5.10387474004613,120.267800979916 -5.10375597047133))",0,RT02_RW03 LAPPAE,3.425932127459719,RT004-RW003,,RT04_RW03 LAPPAE,Kawasan Minapolitan Lappa,RT004-RW003
"POLYGON ((120.270902612806 -5.10942779129149,120.271050309601 -5.10906886567782,120.271267237217 -5.10851988338015,120.27143251489 -5.10815224134004,120.27146192235 -5.10806975908347,120.271571587893 -5.10811353095611,120.271950683527 -5.10827742986601,120.271967627545 -5.10828475546835,120.271919022512 -5.10836152635137,120.271796054915 -5.10860472237494,120.271747398671 -5.10882500854849,120.27168016459 -5.10928760926656,120.271684182044 -5.10934128405963,120.271508816076 -5.10936361137629,120.271274627427 -5.1093934278209,120.271178577276 -5.10941106275747,120.271022629535 -5.10943969493595,120.270902612806 -5.10942779129149))",0,RT01_RW03 LENGKONG,0.933563901866229,RT003-RW002,,RT03_RW02 LENGKONG,Kawasan Minapolitan Lappa,RT003-RW002
"POLYGON ((120.269776602857 -5.10911508265728,120.269777206615 -5.10911355329863,120.269638975863 -5.10907513362854,120.26984423298 -5.10854419471136,120.270016103838 -5.1081619056755,120.270288958844 -5.10758208046678,120.270294005459 -5.10756767081316,120.270374193023 -5.10760133973354,120.27044729698 -5.10763203439996,120.270731398246 -5.10775132188598,120.271293073673 -5.10800236483249,120.271307100178 -5.10800796337256,120.271340772989 -5.10802140353956,120.27146192235 -5.10806975908347,120.27143251489 -5.10815224134004,120.271267237217 -5.10851988338015,120.271223243277 -5.10863121971264,120.271050309601 -5.10906886567782,120.270902612806 -5.10942779129149,120.270876894242 -5.10941889969521,120.270852428954 -5.10943075540513,120.270778761661 -5.1094100073701,120.27049041853 -5.10932879684634,120.270153243202 -5.10922328575813,120.269776602857 -5.10911508265728))",0,RT03_RW03 LENGKONG,2.492607425208652,RT005-RW005,,RT05_RW05 LENGKONG,Kawasan Minapolitan Lappa,RT005-RW005
"POLYGON ((120.270294005459 -5.10756767081316,120.270365713036 -5.10736292325667,120.270381488192 -5.10732489578447,120.270736430968 -5.10745427488989,120.270768965847 -5.10740019623899,120.271083904442 -5.10686445894218,120.271416536216 -5.10701954083729,120.271749167989 -5.10743896668386,120.272279963373 -5.10779142516629,120.271967627545 -5.10828475546835,120.271571587893 -5.10811353095611,120.271293073673 -5.10800236483249,120.270731398246 -5.10775132188598,120.270294005459 -5.10756767081316))",0,RT02_RW03 LENGKONG,1.545497158033814,RT004-RW002,,RT04_RW02 LENGKONG,Kawasan Minapolitan Lappa,RT004-RW002
"POLYGON ((120.265172000642 -5.11717739184949,120.265436568564 -5.11624937675061,120.265577655091 -5.11568586556692,120.265870129377 -5.11575624901198,120.265897348867 -5.11562363819419,120.266255703774 -5.11570167554012,120.266285868766 -5.11570650418286,120.266288323956 -5.11564323901108,120.26665531756 -5.11569501417362,120.266714832633 -5.11571798161039,120.266804031183 -5.11605069527571,120.266887425928 -5.11634632548953,120.266852573157 -5.11637925402155,120.266769719518 -5.1164332259326,120.266730897781 -5.11670787626925,120.266531932387 -5.11665293629466,120.26651863989 -5.11671653359806,120.266450881632 -5.11669839594436,120.266350723066 -5.11667158530415,120.266334040293 -5.11674125496455,120.266319024404 -5.11683642091372,120.26620517399 -5.11681216107899,120.266007283721 -5.11678144960876,120.265966999554 -5.11691294016124,120.265941230771 -5.11690636368875,120.26582980073 -5.11687792552294,120.265812625159 -5.11694134793544,120.265772629556 -5.11708903535464,120.265752179637 -5.11708723865825,120.265635333222 -5.11707697271163,120.265620477456 -5.11713440683511,120.265583937475 -5.11727567456513,120.265554761192 -5.1172650320605,120.265172000642 -5.11717739184949))",0,RT01_RW02 BARU,2.088251677636348,RT001 -RW005,D:/PROYEK/RP2KPKPK SINJAI/DRAFT RP2KPKPK SINJAI 2023/DELINIASI KUMUH SK 2023 EDIT/KEL. LAPPA/BARU.shx|layername=BARU,RT01_RW05 BARU,Kawasan Minapolitan Lappa,RT001 -RW005
"POLYGON ((120.265152487192 -5.10749921506947,120.265238077948 -5.10750516280741,120.265449069113 -5.10752300602089,120.265616269659 -5.10756464018375,120.265857118064 -5.10767764718365,120.26657966328 -5.10802063321917,120.267271356015 -5.10835866262953,120.267148937332 -5.10897093289364,120.267131781191 -5.10905673833496,120.266980411426 -5.10962355941258,120.266453201836 -5.10936976687953,120.266612749272 -5.10892529420608,120.266086182289 -5.10869253896818,120.265924161679 -5.10916115276291,120.265646857173 -5.1090618439063,120.265533115071 -5.10887992596209,120.265491068125 -5.10879495128327,120.265487952344 -5.10840702576091,120.265254268771 -5.10783289555692,120.265152487192 -5.10749921506947))",0,RT01_RW03 BARU,2.730952274849294,RT002-RW005,D:/PROYEK/RP2KPKPK SINJAI/DRAFT RP2KPKPK SINJAI 2023/DELINIASI KUMUH SK 2023 EDIT/KEL. LAPPA/BARU.shx|layername=BARU,RT02_RW05 BARU,Kawasan Minapolitan Lappa,RT002-RW005
"POLYGON ((120.273524356072 -5.1089006131316,120.272606949455 -5.10856025093033,120.271967627545 -5.10828475546834,120.272279963373 -5.10779142516629,120.272326850299 -5.10771564660892,120.272371967906 -5.1076997859795,120.272711676952 -5.10784253163018,120.273071290825 -5.10797206006345,120.273554314624 -5.10819278702716,120.273783883627 -5.108309098211,120.273524356072 -5.1089006131316))",0,RT03_RW02 LENGKONG,1.379837598079687,RT004-RW001,D:/PROYEK/RP2KPKPK SINJAI/DRAFT RP2KPKPK SINJAI 2023/DELINIASI KUMUH SK 2023 EDIT/KEL. LAPPA/LENGKONG.shx|layername=LENGKONG,RT04_RW01 LENGKONG,Kawasan Minapolitan Lappa,RT004-RW001
"POLYGON ((120.275832853347 -5.11624596257705,120.276046056716 -5.11628419459431,120.276148694737 -5.11618445889231,120.276225047411 -5.11616201835722,120.276430323454 -5.11598249404816,120.276568008604 -5.1160510623666,120.276588035535 -5.11611339719517,120.276746999299 -5.11620565273028,120.276805828409 -5.11619817255226,120.277133769403 -5.11627297432862,120.277106232373 -5.11642382455098,120.276899704647 -5.11639265715258,120.27671195217 -5.11633904922378,120.276529206425 -5.11659586856286,120.276494159296 -5.11677788609027,120.276367739294 -5.11706836600964,120.276193755332 -5.1170284717796,120.276141184638 -5.11707958626141,120.276129919489 -5.11724040984822,120.276260094541 -5.117253292356,120.276285128204 -5.11732643175015,120.276428654543 -5.11737131273788,120.276306824046 -5.11770542665862,120.275963028398 -5.1177286982685,120.275932988002 -5.11762065150122,120.275677644632 -5.11760236666188,120.275639259681 -5.11726492816927,120.275524104829 -5.11724664331976,120.275582516711 -5.11711698709916,120.27559920582 -5.11693413853826,120.275420632352 -5.11691751593922,120.275408949976 -5.11681113129517,120.275597536909 -5.11682442937663,120.275570834334 -5.11654683186854,120.275756083445 -5.11653852056404,120.275749407802 -5.1164072019387,120.275170295715 -5.11598498744169,120.275248734528 -5.11584868191467,120.275467361858 -5.11595506671874,120.275512422452 -5.11587527811734,120.275632584038 -5.11592847051937,120.275734387603 -5.11562760093718,120.275422301263 -5.1154946198613,120.275445666016 -5.11533171800568,120.275612557107 -5.11514055761205,120.275839528991 -5.11498762925604,120.276078183251 -5.11503417267261,120.275832853347 -5.11624596257705))",0,RT01_RW02 TALIBUNGING,2.288504673248140,RT001-RW009,D:/PROYEK/RP2KPKPK SINJAI/DRAFT RP2KPKPK SINJAI 2023/DELINIASI KUMUH SK 2023 EDIT/KEL. LAPPA/RT01_RW02 TALIBUNGING.shx|layername=RT01_RW02 TALIBUNGING,RT01_RW09 TALIBUNGING,Kawasan Minapolitan Lappa,RT001-RW009
"POLYGON ((120.276274169474 -5.1141328794316,120.276617405124 -5.11419911634848,120.276594020747 -5.11431569303134,120.276897083342 -5.11437436322774,120.277146466902 -5.1144959250091,120.277231095986 -5.11433179050142,120.276937983676 -5.11417561385598,120.276816472809 -5.11403929392178,120.27680780839 -5.11383268296014,120.276764419336 -5.11371773510835,120.276443645099 -5.1136938516277,120.276449724543 -5.11347101848682,120.276849011478 -5.11360940235581,120.276876548509 -5.1138313151643,120.276835242963 -5.1138799364997,120.277017988708 -5.11412678322251,120.277290855642 -5.11403826748942,120.277325902771 -5.11392232432756,120.277262066929 -5.11379890093863,120.277403507129 -5.11371911206849,120.277693897627 -5.11399961977113,120.277577491091 -5.11417540453547,120.277551205744 -5.11425519334876,120.277630061785 -5.11429758115176,120.277593762973 -5.11444718513997,120.277852861392 -5.11445840543768,120.27783658951 -5.11477631379094,120.278163278821 -5.11476758689707,120.278138245158 -5.11465787736402,120.278090681197 -5.11435368265145,120.278153265356 -5.11425269994848,120.278462431102 -5.11431628165222,120.278695244174 -5.11392357102834,120.27883918774 -5.11401084007669,120.278801637245 -5.1140918756109,120.27895684596 -5.11416044413186,120.278791623779 -5.11445591203819,120.278802263087 -5.11449767647807,120.278819786651 -5.11483179189914,120.276201702654 -5.11478934779316,120.276230679986 -5.11424397304751,120.276274169474 -5.1141328794316))",0,RT02_RW01 TALIBUNGING,1.953035795678353,RT002-RW008,D:/PROYEK/RP2KPKPK SINJAI/DRAFT RP2KPKPK SINJAI 2023/DELINIASI KUMUH SK 2023 EDIT/KEL. LAPPA/RT02_RW01 TALIBUNGING.shx|layername=RT02_RW01 TALIBUNGING,RT02_RW08 TALIBUNGING,Kawasan Minapolitan Lappa,RT002-RW008
"POLYGON ((120.276897201281 -5.11781264228278,120.276860485241 -5.11806198087412,120.276823769201 -5.11821657075195,120.276721965635 -5.11825812716435,120.276673567219 -5.11846757144175,120.276630592763 -5.11866953550144,120.276418641077 -5.1186246546048,120.276243405431 -5.11863296588219,120.276109892558 -5.1186761845229,120.275998075527 -5.11865457520291,120.275896271962 -5.11857644919378,120.275811157505 -5.11844346873078,120.275706016118 -5.11838528976952,120.275659286612 -5.11826228280544,120.275645935325 -5.11812597776356,120.275195329379 -5.11804120266189,120.275066823239 -5.11839526330611,120.274936648188 -5.11835370690262,120.274863216108 -5.11817750772183,120.274841520266 -5.11801128203508,120.274644588778 -5.11787996371202,120.274599528184 -5.11777191697029,120.274502731351 -5.11774864536199,120.27444598838 -5.11787830145459,120.274554467589 -5.11805782523173,120.274564481054 -5.11820742834086,120.274454332934 -5.1182257131629,120.274269083823 -5.11823901121498,120.274237374516 -5.11789159951388,120.274352529369 -5.11772869826849,120.274093848177 -5.11761400246879,120.274182300456 -5.11752424052425,120.274521089371 -5.11771872472151,120.274624561847 -5.11774365858867,120.274976702049 -5.11756579698162,120.275413956708 -5.11769545311127,120.275595867998 -5.11779518857774,120.275939663645 -5.11787996371202,120.276031717658 -5.11786927902156,120.276153284242 -5.11782843372978,120.276296810581 -5.11784838082017,120.276303486224 -5.11791487111698,120.276678991179 -5.11800130849251,120.276757429992 -5.11779020180479,120.276897201281 -5.11781264228278))",0,RT02_RW02 TALIBUNGING,1.746208358339146,RT002-RW009,D:/PROYEK/RP2KPKPK SINJAI/DRAFT RP2KPKPK SINJAI 2023/DELINIASI KUMUH SK 2023 EDIT/KEL. LAPPA/RT02_RW02 TALIBUNGING.shx|layername=RT02_RW02 TALIBUNGING,RT02_RW09 TALIBUNGING,Kawasan Minapolitan Lappa,RT002-RW009
"POLYGON ((120.278805079374 -5.11492248924546,120.278757515413 -5.11530148557766,120.279010355416 -5.11537130066701,120.278969049871 -5.11564682085601,120.278818847889 -5.11595226165089,120.278667394224 -5.11593231450138,120.278628592045 -5.11602082997255,120.278989076802 -5.11617542034355,120.278907717395 -5.11639857895839,120.278651122342 -5.11631380362785,120.278550987688 -5.11646340714476,120.278726223333 -5.11655566262945,120.278601055015 -5.1167601206832,120.2783119162 -5.11661051723564,120.278334446497 -5.11650579480154,120.278057824513 -5.1164646538406,120.27791888768 -5.11640855252596,120.277788712629 -5.11632627058893,120.277852548471 -5.11607069783825,120.278002750453 -5.11617043355797,120.278047811048 -5.11566926140916,120.278275617387 -5.11570541563204,120.278271862338 -5.11538127425058,120.278341956596 -5.1152092299122,120.278405792438 -5.11489506187061,120.278805079374 -5.11492248924546))",0,RT03_RW01 TALIBUNGING,1.465037989579994,RT003-RW008,D:/PROYEK/RP2KPKPK SINJAI/DRAFT RP2KPKPK SINJAI 2023/DELINIASI KUMUH SK 2023 EDIT/KEL. LAPPA/RT03_RW01 TALIBUNGING.shx|layername=RT03_RW01 TALIBUNGING,RT03_RW08 TALIBUNGING,Kawasan Minapolitan Lappa,RT003-RW008
"POLYGON ((120.278020378324 -5.11771456907688,120.278062518325 -5.11775030761976,120.278143460504 -5.11817501433685,120.278165156346 -5.11838778315369,120.277973231591 -5.11839027653784,120.277792989213 -5.11876428405067,120.277896461689 -5.11883825439953,120.277919826442 -5.11887731738929,120.277822195154 -5.11904104946939,120.277812181688 -5.11915906952142,120.277755438717 -5.11924716898268,120.277697026835 -5.11923802658632,120.277649462874 -5.11925381799814,120.27750343317 -5.11915075825086,120.277463379308 -5.11921974179321,120.277411225842 -5.11919314572957,120.2773398799 -5.11930410117525,120.277194684651 -5.11949027356521,120.277067847422 -5.11940632977109,120.277046986035 -5.11929994554093,120.277179247225 -5.11915948508494,120.277271037325 -5.11920561263455,120.277498009209 -5.11881498283002,120.277331118118 -5.11866704211838,120.277117497521 -5.11856398227656,120.277089126036 -5.11865540633061,120.27695060643 -5.11865540633061,120.276933917321 -5.11852242588402,120.276673567219 -5.11846757144174,120.276721965635 -5.11825812716434,120.276823769201 -5.11821657075194,120.276860485241 -5.11806198087413,120.276897201281 -5.11781264228278,120.276977309005 -5.11776942358373,120.27711582861 -5.11781264228277,120.277052409996 -5.11799216607834,120.27735281396 -5.1180752789296,120.277407690883 -5.11785291598688,120.277563096735 -5.11798551704977,120.277796744262 -5.11811683535117,120.278020378324 -5.11771456907688))",0,RT03_RW02 TALIBUNGING,1.456626719946895,RT003-RW009,D:/PROYEK/RP2KPKPK SINJAI/DRAFT RP2KPKPK SINJAI 2023/DELINIASI KUMUH SK 2023 EDIT/KEL. LAPPA/RT03_RW02 TALIBUNGING.shx|layername=RT03_RW02 TALIBUNGING,RT03_RW09 TALIBUNGING,Kawasan Minapolitan Lappa,RT003-RW009
"POLYGON ((120.269405564506 -5.1191057734972,120.269475658764 -5.11893871692435,120.269507631304 -5.11889223445825,120.269721625552 -5.11903660086301,120.269761356061 -5.11911423520822,120.269715074861 -5.11923166953762,120.269755882952 -5.11939251146034,120.269805002845 -5.11942410913388,120.269839898571 -5.11939251228919,120.270017637583 -5.11929527045238,120.270048272935 -5.1192689544374,120.27006566033 -5.11921738537542,120.270422492447 -5.11941687334558,120.270586553033 -5.11952803234663,120.270887838194 -5.11966846733546,120.271197898642 -5.11966198642337,120.271383871919 -5.11953494292299,120.271405410821 -5.11952234288102,120.271538332929 -5.11944458474494,120.271583829067 -5.11951220193676,120.27152299778 -5.11968695596001,120.271241084752 -5.12002053077316,120.270557921323 -5.11986932954014,120.270502868582 -5.12047166857615,120.270407114661 -5.12068063288852,120.270343309853 -5.12069556894,120.269373020743 -5.12037989010234,120.269426342761 -5.12018094087223,120.269453903798 -5.12008984083352,120.268772317986 -5.11988609704906,120.268752178209 -5.11996551901326,120.268731692263 -5.12001933518203,120.268544406476 -5.12004577757864,120.268256519344 -5.12010312526301,120.267948994227 -5.12004233328834,120.267949301067 -5.11997008981194,120.267919402865 -5.11993553338226,120.267730887319 -5.11985582915358,120.267642111634 -5.11987266443276,120.267627779677 -5.11990971726871,120.267601266348 -5.12005754456486,120.267526495959 -5.12003577706336,120.267351143987 -5.11998472775204,120.267419186589 -5.11981002757437,120.267100832289 -5.11964656591595,120.266787846272 -5.11951493092246,120.266848375762 -5.11931397080677,120.267083692201 -5.11938378545827,120.2672251324 -5.1189898312535,120.267200098737 -5.11888136913553,120.267121242696 -5.11883773494496,120.267067420319 -5.11881529450294,120.267112480914 -5.11850486830744,120.267211363885 -5.11833407150112,120.267462952205 -5.11813709410578,120.267543059929 -5.11803611199983,120.267653208049 -5.1180435921564,120.267802158348 -5.11839515941515,120.267795899932 -5.1185784231224,120.267804661714 -5.11878537391232,120.267804661714 -5.11887139560652,120.267844715576 -5.11904842572334,120.267837205477 -5.11909205989956,120.267735819139 -5.1192354293147,120.267702023693 -5.11931895756784,120.267764607852 -5.11938378545827,120.267739574189 -5.11956829557199,120.267943598548 -5.11963686350608,120.268110072411 -5.11917932824305,120.268359157365 -5.11925662305161,120.268312845087 -5.11946856038197,120.268461795386 -5.11950222101036,120.268655806279 -5.11960195619509,120.268698363507 -5.11964434364391,120.268971230441 -5.11978646624592,120.26901378767 -5.11961816316116,120.269466896982 -5.11973285860148,120.26954074629 -5.11919802860081,120.269405564506 -5.1191057734972))",0,RT02_RW01 TAPPE'E,4.486253206786987,RT002-RW010,D:/PROYEK/RP2KPKPK SINJAI/DRAFT RP2KPKPK SINJAI 2023/DELINIASI KUMUH SK 2023 EDIT/KEL. LAPPA/TAPPEE.shx|layername=TAPPEE,RT02_RW010 TAPPE'E,Kawasan Minapolitan Lappa,RT002-RW010
"POLYGON ((120.264195758103 -5.12051568151792,120.264350753129 -5.12001579564342,120.264369825242 -5.11995428549728,120.264720337413 -5.12004009040592,120.265154881 -5.12013232327379,120.265293517094 -5.12016591001841,120.265328517225 -5.12017293160269,120.265377640005 -5.12017327139154,120.265442277784 -5.120173718494,120.265502949521 -5.12037337733304,120.265413088723 -5.12039650440145,120.265309330067 -5.12042320827875,120.265287852742 -5.12048865476673,120.265252828099 -5.12047838268701,120.265099234116 -5.12043333639142,120.265076914198 -5.12048738309492,120.265034182316 -5.120590856427,120.264982387204 -5.12056795439826,120.264952380496 -5.12061467422759,120.26467960432 -5.12053482842311,120.264658077678 -5.12058695412695,120.264640573184 -5.12062934038518,120.264498340585 -5.12058746365317,120.264345976125 -5.12051683489769,120.264329350775 -5.12050912819144,120.264285739048 -5.12063356122948,120.264170754524 -5.12059632300356,120.264195758103 -5.12051568151792))",0,RT01_RW01 TAPPEE,0.681562786384724,RT001-RW010,D:/PROYEK/RP2KPKPK SINJAI/DRAFT RP2KPKPK SINJAI 2023/DELINIASI KUMUH SK 2023 EDIT/KEL. LAPPA/TAPPEE.shx|layername=TAPPEE,RT01_RW010 TAPPEE,Kawasan Minapolitan Lappa,RT001-RW010
"POLYGON ((120.309692552375 -5.22758862096663,120.310138151588 -5.22753626893104,120.310784020111 -5.22748391689107,120.310999309619 -5.22806477499416,120.311104451006 -5.22828664768961,120.311237129424 -5.22862818190984,120.311329753979 -5.22895226530423,120.311374814574 -5.2292065460039,120.311439902099 -5.22961040337346,120.311647681508 -5.23001675342678,120.311229619324 -5.2300815699753,120.311164531799 -5.22980485312514,120.311114464472 -5.22973754360255,120.31098428942 -5.22958796685977,120.310844100904 -5.22941595356138,120.31073645615 -5.22913674346918,120.310607532782 -5.22881141369574,120.310572485653 -5.22866682263106,120.310487371197 -5.22855713283558,120.310382229809 -5.22847237252591,120.310188218916 -5.22836642212269,120.309915351982 -5.22825548579893,120.309743871385 -5.22817820430334,120.309700062474 -5.22812709879296,120.309681287226 -5.22807100737432,120.30967878386 -5.22795508509321,120.309692552375 -5.22758862096663))",0,Desa Bua,2.454699427412508,,,,Daerah Kumuh Takkalala,
"POLYGON ((120.275470804614 -5.16904422170148,120.275683072524 -5.16907593238978,120.275694976418 -5.16868865315725,120.275698944383 -5.16849698936784,120.275899326602 -5.1683310124312,120.276337786705 -5.16833298834738,120.276363578475 -5.16869655681741,120.276391354229 -5.16880918396417,120.276427065911 -5.16914311345704,120.276391354229 -5.16934268070303,120.276353658564 -5.16964894714638,120.276278267234 -5.1698010923567,120.27622469971 -5.17003227396995,120.27613528325 -5.17036021403235,120.275851314212 -5.17039545379961,120.2757812839 -5.17026508782525,120.275696138898 -5.17010022793515,120.275629243396 -5.16968296760919,120.27566903416 -5.16930059485513,120.275474763496 -5.16922516372646,120.275470804614 -5.16904422170148))",0,Desa Panaikang,1.640003146794513,,,,Daerah Kumuh Marana,
"POLYGON ((120.281515704159 -5.1774588215857,120.281317236661 -5.17709809023127,120.28108035902 -5.17672409076894,120.280953444376 -5.17662312736057,120.280884051103 -5.1764549874478,120.280646343456 -5.17649843707729,120.280564869939 -5.17614375445113,120.280394029073 -5.1759421841878,120.280215555885 -5.17585247560554,120.280106261156 -5.1759811149782,120.280299054875 -5.17606801604433,120.280299455496 -5.17630902124226,120.280379637045 -5.17629645486903,120.280425938465 -5.1766211929469,120.28033799115 -5.17664437815131,120.280406438541 -5.17682813591498,120.280479349893 -5.17682072632874,120.28051803755 -5.17688296685024,120.280628148571 -5.1769214966938,120.280690644015 -5.17712896504184,120.2805686291 -5.17719120553299,120.280768019328 -5.17740756528784,120.280873666389 -5.17763874412219,120.280945089754 -5.17762540688407,120.281099840378 -5.17792030797295,120.281177422046 -5.17821815229564,120.280968491024 -5.17812410887938,120.280894439358 -5.17804154339496,120.280828673002 -5.17780599537677,120.280789214827 -5.17766428403585,120.280633529592 -5.17748764416349,120.280456973413 -5.17728413643794,120.28033176365 -5.17711910390437,120.280166637929 -5.17691947077177,120.280019279223 -5.17658028504194,120.27967734862 -5.17656222439069,120.279794131984 -5.17634428975313,120.279862579375 -5.17637541003808,120.279911682939 -5.17634132591638,120.279942930661 -5.17622277243533,120.279914658913 -5.17613978498537,120.279621525518 -5.17592490671614,120.279797107957 -5.17565816117691,120.279654261227 -5.17546551155083,120.279814963799 -5.17527878954956,120.280035185841 -5.17506835675194,120.28043471029 -5.17522692231723,120.280744211539 -5.17543439122112,120.280916818005 -5.17555887253079,120.281101328365 -5.17564778773699,120.281232271201 -5.17579597971954,120.281267982884 -5.17600344843679,120.281282862752 -5.17610125509419,120.281321550408 -5.17619906173646,120.281375117932 -5.17629983220054,120.281479277006 -5.17638874730256,120.28153284453 -5.17650433691655,120.281580460106 -5.17671773307144,120.281651883472 -5.17689556314552,120.281681643207 -5.17700818883319,120.281794730202 -5.1773045721261,120.281803658123 -5.17735792110406,120.281723306837 -5.17744090839416,120.28162509971 -5.17738459559135,120.281541028457 -5.17743720360468,120.281515704159 -5.1774588215857))",0,Dusun Passahakua Desa Passimarannu,3.047672760400300,,,,Daerah Kumuh Marana,
"POLYGON ((120.283099288247 -5.18277386434135,120.282728294991 -5.18281866938965,120.282732583927 -5.18293106068406,120.282596490001 -5.18296873025623,120.282604106569 -5.1834182543822,120.282639356209 -5.18354034241813,120.282753905768 -5.1835217075775,120.28300746582 -5.18334108822549,120.28313421513 -5.18325795108867,120.28319487614 -5.18320127243594,120.28348841509 -5.18341388232532,120.283618268643 -5.18394577314628,120.283362750362 -5.18401252019808,120.283069532663 -5.18344517003306,120.282920829401 -5.18344934172728,120.282686255242 -5.18365584055824,120.282447492258 -5.18366418394392,120.282432831373 -5.18418355948607,120.282336488415 -5.18425447820165,120.28229250576 -5.18445263339415,120.282374187833 -5.18446932014432,120.282445397846 -5.18507004285835,120.282122858377 -5.18507212870011,120.282108197492 -5.18530782877475,120.281838018326 -5.18523065265379,120.281838018326 -5.18469041954304,120.282003476885 -5.18469250538608,120.282003476885 -5.18456526894953,120.28184220715 -5.18449017858147,120.281827546265 -5.18440465898483,120.281907133926 -5.18428785171211,120.281894567454 -5.18377890548596,120.282137519262 -5.18371424425571,120.282307166645 -5.18278291322155,120.28189561466 -5.18279229954341,120.281791941259 -5.18286739011329,120.281050519362 -5.18302382877192,120.280921713016 -5.18254199757928,120.280908099337 -5.18250028057564,120.281098690841 -5.18244604846672,120.281270432637 -5.18235009933965,120.281247394103 -5.18215820104168,120.281528045329 -5.18209353964556,120.281559461512 -5.18228335211218,120.282110291904 -5.18218114540648,120.282078875722 -5.18199759046491,120.282060026012 -5.18174311648044,120.282101914255 -5.18158667750468,120.28230297782 -5.18163673798113,120.282384659894 -5.18167428333588,120.282524985507 -5.18167011162988,120.282545929628 -5.18159710677093,120.282556401689 -5.1814260667826,120.28253755198 -5.18127171358266,120.282501946974 -5.18114447645706,120.282487286089 -5.18102558272637,120.282340677239 -5.18094632022681,120.282359526948 -5.18076485078251,120.282294600172 -5.18062301255986,120.282221295747 -5.18048534601921,120.282196162801 -5.18027258857921,120.282127047201 -5.18013492196218,120.281990910412 -5.18002645733375,120.282099819843 -5.17977615427401,120.282307166645 -5.17979075528853,120.282510324622 -5.17984915934334,120.282535457568 -5.17967603302235,120.282728143484 -5.17956965417508,120.282857997037 -5.17953628041535,120.283161686797 -5.18001602804155,120.28323289681 -5.18027676029439,120.283151214736 -5.18030179058501,120.28329154035 -5.18079613862144,120.282696727302 -5.18085454258333,120.282790975849 -5.18114239060233,120.282837052916 -5.18136557701953,120.282818203206 -5.18170557112978,120.282922923813 -5.18189538371295,120.283111420906 -5.18253156832863,120.283084193548 -5.18270260801766,120.283099288247 -5.18277386434135))",0,Dusun Marana Desa Passimarannu,5.596216852475976,,,,Daerah Kumuh Marana,
"POLYGON ((120.332759951209 -5.28822601229368,120.332744327348 -5.28789264019004,120.332748791308 -5.28773262151652,120.332829142594 -5.2875459330118,120.332969757344 -5.28719033570422,120.333061268531 -5.28689919025658,120.333108140114 -5.28665693935992,120.333123763975 -5.28627244921009,120.333137155856 -5.28596574591361,120.333163939618 -5.28569015731475,120.333250986845 -5.28538567622019,120.333275538626 -5.28511675483701,120.333268842686 -5.28478560355184,120.333335802091 -5.28437444231383,120.333404993476 -5.28436777483205,120.333581319908 -5.2846433640193,120.333730862579 -5.28503896763828,120.333824605746 -5.28522121191707,120.333945132675 -5.28548124329519,120.334087979405 -5.28574571954213,120.334210738314 -5.2859635234254,120.334393760687 -5.28621466454265,120.334579015041 -5.28638801852877,120.334697309989 -5.28668805415929,120.33457008712 -5.28697253225247,120.334360280985 -5.28723923034613,120.334130387028 -5.28747703604941,120.333831301687 -5.2878637479326,120.333362585853 -5.28851937959638,120.333253218825 -5.28849493232646,120.333219739122 -5.28837047348284,120.333130459916 -5.28818378517048,120.3329072619 -5.28820156501218,120.332759951209 -5.28822601229368))",0,Desa Pattongko,4.797010783084942,,,,Daerah Kumuh Pattongko,
"POLYGON ((120.310756904778 -5.2242336269136,120.311389299157 -5.22423510871925,120.311557441663 -5.22452998797181,120.311683920539 -5.22504565587895,120.312051453272 -5.22504121046777,120.312182396108 -5.22585620199006,120.312084188981 -5.22588139262022,120.311923486409 -5.22582063874576,120.311938366277 -5.22571394900073,120.311786591626 -5.22565615871459,120.31174790397 -5.22577173928155,120.3116095212 -5.22573913963661,120.311588689385 -5.22578359369746,120.311588689385 -5.225848792981,120.311502386152 -5.22588583802544,120.3113282917 -5.22588583802544,120.311044086226 -5.225903619646,120.310835768077 -5.22592584667098,120.310389372045 -5.22597178252011,120.309725729944 -5.22595103729834,120.30963496275 -5.22583545676447,120.309759953639 -5.2256961673748,120.310123022412 -5.22518198180646,120.310435499635 -5.22476114949991,120.310743512897 -5.22428104469234,120.310756904778 -5.2242336269136))",0,Desa Sanjai,3.352153817155221,,,,Daerah Kumuh Takkalala,
"POLYGON ((120.272122072175 -5.14967290254518,120.272264918906 -5.14994521644044,120.272196843511 -5.14998967584083,120.272280542767 -5.15021864170363,120.272373169943 -5.15030978343189,120.272408881626 -5.15041870889487,120.272255990985 -5.15050429317411,120.272239251134 -5.15055875589127,120.272281658757 -5.15080661676959,120.272408881626 -5.150822177539,120.272388793805 -5.15091665363079,120.272392141775 -5.15109671390801,120.272481420981 -5.15109393520041,120.272507088753 -5.15119508014902,120.272585208059 -5.15124065094478,120.272682299196 -5.15123842797921,120.272681183206 -5.15130067101226,120.272822913946 -5.15129400211615,120.272846349738 -5.1514340489197,120.272729170779 -5.15145294412099,120.272721358849 -5.1516218894252,120.272718010878 -5.15176415912023,120.27273363474 -5.15196867175104,120.272688995136 -5.15207315100442,120.272802826125 -5.1525644255613,120.272861973599 -5.15282895785768,120.272945672855 -5.15301679795085,120.27301709622 -5.15311238519587,120.273321761512 -5.15346917001829,120.273618614874 -5.15342248790339,120.273638702695 -5.15332245478847,120.273750301703 -5.15331356295527,120.273759229624 -5.15338469761738,120.273682784303 -5.15343360269296,120.273658790517 -5.15347639463101,120.273659906507 -5.15354864075364,120.27377541148 -5.15360810486379,120.273793825316 -5.15369202149575,120.273962339818 -5.15389542202788,120.273948947937 -5.1540399141696,120.274011443382 -5.15412660943887,120.274106302539 -5.15418607349491,120.274128622341 -5.15421941782297,120.27412750635 -5.15427554743792,120.274284302957 -5.15440559028913,120.274419895752 -5.15446727727335,120.27439645996 -5.15455286100729,120.274596222184 -5.15462510700749,120.274634165847 -5.15461288076188,120.274638629807 -5.15451840521969,120.274896423516 -5.15453063146712,120.27495333901 -5.15448728386154,120.275106229651 -5.15452285112787,120.27509506975 -5.15464289063705,120.2752245246 -5.15471735958041,120.275323847717 -5.15470402185985,120.27536067539 -5.15473625468405,120.275518029991 -5.1547218054872,120.275573829495 -5.15465622835889,120.27563632494 -5.15462621848435,120.275625165039 -5.15456842168495,120.275720024196 -5.15452173965083,120.275820463303 -5.15461510371564,120.275897466619 -5.15466956608045,120.27591532246 -5.15480961213993,120.276105040774 -5.15483184167034,120.276111736714 -5.15488741549296,120.276211059831 -5.15490742206792,120.276173116168 -5.15504302217044,120.276017993547 -5.15503635331361,120.27578251964 -5.15503413036132,120.275753503898 -5.15508970416625,120.275617353108 -5.15516028289149,120.27557661947 -5.15532700425855,120.275744017982 -5.15539313705536,120.275594475312 -5.1554998386962,120.275415916899 -5.15580994023811,120.275515240016 -5.15588440904463,120.275476180363 -5.15600555977089,120.275314361801 -5.15595554341881,120.275197182843 -5.15613449079363,120.27543042477 -5.15622563167322,120.275381321206 -5.15640124455067,120.275240706456 -5.15636345444191,120.275078329899 -5.15672134891119,120.274998536608 -5.15666966540557,120.274737952925 -5.1565368443342,120.274695545302 -5.15660519995181,120.274500247037 -5.15698865815802,120.274511406938 -5.15705201210023,120.274571670403 -5.15712092339862,120.274445563523 -5.15729653602842,120.27454042268 -5.1573643358282,120.274234641398 -5.15747103713777,120.274206741646 -5.15751549601146,120.274282628972 -5.1575777384294,120.274282628972 -5.15772889856185,120.274154290112 -5.15780447861457,120.274069474866 -5.15777891477422,120.273960107838 -5.15792562897443,120.274299368823 -5.15803344166054,120.274242453329 -5.15817015256609,120.274329500555 -5.15820349668492,120.274231293428 -5.15847247251282,120.27453149476 -5.15862474390204,120.27398131165 -5.15928273371864,120.273934440066 -5.15927717637508,120.273590715122 -5.15956615817604,120.273460144282 -5.15976288801909,120.273106375426 -5.15998073568373,120.273066199784 -5.1604675582558,120.272983616518 -5.16135895386927,120.272960180726 -5.16179242509896,120.27273475073 -5.16172351430789,120.272502624793 -5.16217699163423,120.272259338955 -5.16209252039213,120.272399953705 -5.16159013856197,120.272694575087 -5.16163015128869,120.2726030639 -5.16109442512715,120.272029444999 -5.16146565450714,120.271853118566 -5.16097438683803,120.272083012522 -5.16089436129934,120.271964717574 -5.16057648197649,120.271983689405 -5.16020525207616,120.271862046486 -5.16019747180647,120.27176941931 -5.16022081261527,120.271703575895 -5.16017413099681,120.271681256093 -5.16004742372938,120.271795087081 -5.16002519438161,120.271812942923 -5.15983291049088,120.271656704311 -5.1598473595714,120.271616528669 -5.15975510774397,120.271614296688 -5.15960950543483,120.271822986833 -5.1596117283711,120.271825218814 -5.15972065223872,120.272024981038 -5.15972176370666,120.272023865048 -5.15959394488073,120.272136580046 -5.15954059440664,120.272411113606 -5.15951725357282,120.272556192317 -5.15955948936673,120.272500392813 -5.15977066829412,120.272634311622 -5.15977511416552,120.272639891573 -5.15942944757122,120.272810638055 -5.15943167050812,120.272832957857 -5.15918047858922,120.272687879146 -5.15915824921108,120.272587440039 -5.15908711519578,120.272375401924 -5.159060439938,120.272377633904 -5.15922049146791,120.272147739947 -5.15921604559263,120.272154435888 -5.1587603432106,120.272772694392 -5.15866697975536,120.272754838551 -5.15831130932385,120.272973572607 -5.15804900225291,120.272971340627 -5.15787005541774,120.27301374825 -5.1575910760896,120.272940092904 -5.15756884665579,120.272979152557 -5.15729987044498,120.272864205579 -5.1572620803897,120.272912193152 -5.15696754017589,120.273053923893 -5.1569875466853,120.273111955377 -5.15671078991576,120.272907729192 -5.15661964910581,120.273050575922 -5.15663520973282,120.273092983545 -5.15660519995181,120.272961296716 -5.15653295417688,120.273010400279 -5.15638957407615,120.272990312458 -5.15625619720919,120.272778274343 -5.15620840382504,120.272819565976 -5.15588274183264,120.272799478154 -5.15570712881179,120.272545032416 -5.15492242699873,120.272503740783 -5.15477904653435,120.272517132664 -5.1546445578523,120.272503740783 -5.15458342662377,120.272451289249 -5.15446449858051,120.272380981874 -5.15430444585161,120.272281658757 -5.15431556062576,120.272117608215 -5.15416995706907,120.272021633068 -5.15396655662485,120.271939049802 -5.15376982498569,120.271879902328 -5.15357087032819,120.271802899012 -5.15328966615294,120.271666748222 -5.15273392631012,120.271608716738 -5.1523871444019,120.271535061393 -5.1518892008181,120.271432390305 -5.15145572282703,120.271394446642 -5.15138458794897,120.271195800408 -5.15139347980916,120.271131072983 -5.15137347312355,120.271028401896 -5.15090220434709,120.27108196942 -5.15069546840563,120.271026169916 -5.1504798405241,120.271048489717 -5.15045761084143,120.271182408527 -5.1504464959998,120.271142232884 -5.15028421928993,120.271077505459 -5.15026421256941,120.271055185658 -5.15009304393475,120.271267223773 -5.14999523326568,120.271258295853 -5.14989964555182,120.271104289221 -5.14984851723385,120.271144464864 -5.14973514573153,120.271309631396 -5.14979961188239,120.27136319892 -5.14988186178952,120.271617644659 -5.14985074020429,120.272122072175 -5.14967290254518))",0,Desa Tongke-Tongke,23.690018027438821,,,,Kawasan Tongke Tongke,
"POLYGON ((120.264765963139 -5.13128790256074,120.264834373854 -5.13167045564602,120.26513244008 -5.13169334378826,120.265134238285 -5.13182886380624,120.265178877888 -5.13199880233183,120.265156062091 -5.13214008839718,120.265486446108 -5.13224977494931,120.265393924693 -5.13245060630703,120.265041211475 -5.1322912970036,120.264948478131 -5.13256489448799,120.264930734816 -5.13269966407509,120.265341948398 -5.13289652193925,120.265501839903 -5.13281552077815,120.265495323075 -5.13290184699334,120.26551615489 -5.13295618771446,120.265504250996 -5.13309648555486,120.265459611393 -5.13319528683239,120.265371324177 -5.13331780039533,120.26554988259 -5.13340474549019,120.26549929104 -5.13358752775326,120.265381244089 -5.13360531197068,120.265219301529 -5.13372165038058,120.265104726547 -5.13362309618758,120.265040495118 -5.13353022304941,120.265122044837 -5.13346221825894,120.265267979737 -5.13335047227564,120.26526844853 -5.13324049378624,120.265262079659 -5.13305636870441,120.265054972798 -5.13297419129871,120.265002513337 -5.1329739664944,120.264930498696 -5.13308602923134,120.264706914329 -5.13295357265018,120.264635164675 -5.1330034736051,120.264318319153 -5.13293278006863,120.264269425827 -5.13321469414711,120.264431450888 -5.13324407922214,120.264516957238 -5.13332334473981,120.264672892104 -5.13372975732444,120.264274181929 -5.13394617604155,120.264134311172 -5.13402422894811,120.263993448424 -5.13395803217989,120.264010312274 -5.13388096727689,120.263782154302 -5.13372782545481,120.263796042179 -5.13368632895475,120.263672043281 -5.1335796236565,120.26353713248 -5.13333657263272,120.263425037477 -5.13319528683242,120.263324846367 -5.13317750260357,120.263270286852 -5.13305301298791,120.263366509997 -5.13298286406675,120.263408173626 -5.13302732465149,120.263458765177 -5.13298286406676,120.263470669071 -5.13288999083538,120.263648235493 -5.13305696503957,120.26359565996 -5.1331745385654,120.263833737844 -5.13331780039531,120.263895241297 -5.13326938778054,120.263982536521 -5.13303028869035,120.264020232186 -5.13285343434696,120.264018248204 -5.1327783453372,120.264042055992 -5.13265286763006,120.264020232186 -5.13263607139968,120.264046023957 -5.13255703030958,120.263953768777 -5.13252837791199,120.264031144089 -5.13233571520514,120.264072807719 -5.13224382989374,120.26407379971 -5.13202053865162,120.264240454229 -5.13200275439003,120.264221875867 -5.131960658047,120.264314870536 -5.13195186750801,120.264051742769 -5.13147447688625,120.263835734289 -5.13157874974336,120.263801503306 -5.1315537379009,120.263748473478 -5.13146361361635,120.263651796963 -5.13131974660914,120.2635913569 -5.13117794762435,120.263385090481 -5.1312344445624,120.263315096136 -5.13109643003645,120.263334906172 -5.13092437182741,120.263316221526 -5.1308324820754,120.263160605066 -5.13064245764166,120.2631198032 -5.130816338546,120.263157066407 -5.13102498269286,120.263122978007 -5.1310783921967,120.263024399986 -5.13104497552262,120.262992503045 -5.13080814205678,120.262961792123 -5.13062869470831,120.262988199275 -5.13047531366222,120.262966983363 -5.13041784169692,120.262875728637 -5.13033629203992,120.262911186044 -5.13028558279831,120.26300840118 -5.13031719934805,120.263073872598 -5.13016109261834,120.263321870394 -5.13024408607434,120.26324350309 -5.13038636054527,120.263382381856 -5.13056617962284,120.263459757168 -5.13051875481609,120.263592683986 -5.1305148027487,120.263697835052 -5.13064126889296,120.263854569659 -5.13058989202489,120.264001384354 -5.13071240608813,120.264017256213 -5.1309139614313,120.264247398167 -5.13091198539883,120.264183910732 -5.13101473907897,120.264416036668 -5.13127557526977,120.264765963139 -5.13128790256074))",0,Dusun Pangasa Kel. Samataring,4.317970535639004,,,,Daerah Kumuh Samataring,
"POLYGON ((120.2639770824 -5.1396391789581,120.263692340053 -5.13959886551078,120.263511751922 -5.13944889954659,120.263067926922 -5.13929397799493,120.262761642806 -5.13916516359723,120.262828594609 -5.13893258741797,120.263023024881 -5.1386628623212,120.263411885426 -5.13883477503428,120.263536876316 -5.13845142938225,120.263608299682 -5.13840993318967,120.263890025178 -5.13838029305083,120.263961448543 -5.13859370202302,120.263993192261 -5.13877351878665,120.263983272349 -5.1389296234084,120.263973352437 -5.13902249576016,120.2639770824 -5.1396391789581))",0,Dusun Poliwali Kel.Samataring,1.153237178634846,,,,Daerah Kumuh Samataring,
"POLYGON ((120.264122487939 -5.14149259812711,120.264256000812 -5.14160119491856,120.264405090187 -5.14166546648029,120.264511900485 -5.14182946974632,120.2646365125 -5.14208433960296,120.264718845438 -5.14238575078001,120.264801178377 -5.14266056672883,120.264467396194 -5.14284451604765,120.264396189329 -5.14269824309967,120.264253775598 -5.14253867257262,120.264131388798 -5.14240126458673,120.263988975066 -5.14217298996396,120.263982299423 -5.14205996075152,120.264000101139 -5.14196466159603,120.263986749852 -5.14184941608661,120.263899966484 -5.14156130222181,120.264122487939 -5.14149259812711))",0,Dusun Poliwali Kel.Samataring,0.806346745175111,,,,Daerah Kumuh Samataring,
"POLYGON ((120.263435250399 -5.12068816555131,120.263434409878 -5.1206878220125,120.263667041336 -5.12033576835011,120.263435250399 -5.12068816555131))",0,RT01_RW01 TOKINJONG,0.000230746130407,RT001-RW003,D:/PROYEK/RP2KPKPK SINJAI/DRAFT RP2KPKPK SINJAI 2023/DELINIASI KUMUH SK 2023 EDIT/KEL. BALANGNIPA/RT01_RW01 TOKINJONG.shx|layername=RT01_RW01 TOKINJONG,RT001-RW003 TOKINJONG,Kawasan Benteng Balangnipa,RT001-RW003
